Series Name,Rating,Total Watches,Genre,Release Year,Average Watch Time (minutes),Total Seasons,Country of Origin,Language,Lead Actor
Bridgerton,1.9,17,Drama,2012,40,8,UK,English,Katherine Langford
13 Reasons Why,4.0,605,Fantasy,2020,65,5,South Korea,Mandarin,Jason Bateman
Ozark,4.0,89,Romance,2009,69,2,Germany,German,Phoebe Dynevor
Black Mirror,2.6,528,Documentary,2015,51,9,Spain,French,Henry Cavill
The Witcher,1.9,292,Romance,2013,79,3,France,Spanish,Phoebe Dynevor
13 Reasons Why,2.9,540,Sci-Fi,2005,33,4,USA,Mandarin,Wagner Moura
The Umbrella Academy,4.7,531,Romance,2003,62,1,Spain,Spanish,Bryce Dallas Howard
Money Heist,2.1,738,Thriller,2004,48,7,USA,German,Millie Bobby Brown
The Crown,2.0,86,Comedy,2001,30,1,India,Hindi,Katherine Langford
The Crown,2.9,35,Action,2011,78,7,Australia,Italian,Jason Bateman
13 Reasons Why,3.3,831,Drama,2006,33,7,Japan,Italian,Olivia Colman
13 Reasons Why,2.3,100,Action,2003,61,3,USA,Korean,Phoebe Dynevor
The Witcher,2.0,33,Documentary,2018,54,8,Australia,Korean,Millie Bobby Brown
13 Reasons Why,3.6,286,Action,2023,39,3,Canada,Spanish,Henry Cavill
Bridgerton,3.0,209,Sci-Fi,2016,53,2,UK,Mandarin,Jason Bateman
Money Heist,3.4,868,Sci-Fi,2006,65,4,India,Portuguese,Olivia Colman
The Umbrella Academy,1.5,846,Thriller,2005,76,5,Australia,German,Elliot Page
The Umbrella Academy,1.2,739,Romance,2017,35,4,South Korea,Spanish,Olivia Colman
Money Heist,2.9,366,Action,2020,61,5,Germany,Japanese,Bryce Dallas Howard
Ozark,2.7,914,Action,2010,67,8,South Korea,Korean,Henry Cavill
Black Mirror,2.7,186,Documentary,2003,21,5,USA,Spanish,Jason Bateman
Narcos,3.1,412,Drama,2005,65,6,Canada,Korean,Olivia Colman
The Umbrella Academy,1.5,780,Thriller,2015,40,4,USA,German,Katherine Langford
Bridgerton,2.8,367,Thriller,2022,24,4,South Korea,Hindi,Katherine Langford
The Umbrella Academy,1.6,307,Action,2007,44,3,Japan,German,Bryce Dallas Howard
13 Reasons Why,3.9,617,Thriller,2000,70,6,Germany,Mandarin,Henry Cavill
13 Reasons Why,1.2,242,Documentary,2016,54,2,Spain,French,Jason Bateman
The Umbrella Academy,1.5,572,Comedy,2011,68,5,India,German,Henry Cavill
Stranger Things,4.1,964,Thriller,2010,24,8,Canada,Spanish,Jason Bateman
The Crown,1.5,71,Action,2004,33,2,Canada,Korean,Henry Cavill
Narcos,3.5,992,Sci-Fi,2002,60,5,South Korea,Italian,Elliot Page
The Witcher,1.3,958,Comedy,2014,55,3,South Korea,Japanese,Elliot Page
Stranger Things,4.0,874,Crime,2009,34,4,Australia,Korean,Bryce Dallas Howard
Narcos,4.8,153,Crime,2017,47,7,France,Portuguese,Bryce Dallas Howard
Stranger Things,4.5,517,Crime,2021,53,7,Canada,German,Phoebe Dynevor
The Crown,4.1,569,Crime,2011,38,1,UK,Japanese,Úrsula Corberó
Black Mirror,1.9,931,Sci-Fi,2003,54,5,Canada,Spanish,Elliot Page
13 Reasons Why,5.0,43,Romance,2010,51,8,South Korea,Hindi,Olivia Colman
Ozark,3.2,517,Documentary,2003,36,1,Germany,Portuguese,Katherine Langford
Stranger Things,2.9,263,Action,2002,65,9,Australia,Japanese,Jason Bateman
Money Heist,4.9,207,Documentary,2015,71,1,Germany,Hindi,Katherine Langford
Bridgerton,2.5,515,Action,2000,21,1,Australia,French,Elliot Page
The Witcher,1.6,256,Comedy,2019,35,6,UK,Mandarin,Henry Cavill
Narcos,4.6,831,Sci-Fi,2004,54,1,South Korea,Italian,Olivia Colman
The Crown,2.7,27,Action,2006,49,7,Spain,Spanish,Millie Bobby Brown
Ozark,4.2,821,Documentary,2016,42,4,Germany,Hindi,Katherine Langford
Money Heist,1.3,628,Romance,2020,46,6,India,Korean,Phoebe Dynevor
13 Reasons Why,4.3,754,Fantasy,2012,68,9,South Korea,French,Henry Cavill
Narcos,1.5,127,Romance,2019,79,7,South Korea,English,Phoebe Dynevor
Black Mirror,4.6,189,Fantasy,2006,24,1,Germany,Portuguese,Jason Bateman
Ozark,1.1,763,Mystery,2017,53,1,Germany,English,Henry Cavill
13 Reasons Why,4.0,337,Drama,2014,20,6,Australia,Hindi,Olivia Colman
Bridgerton,4.1,751,Comedy,2022,47,6,France,French,Phoebe Dynevor
Narcos,3.9,492,Action,2004,69,8,France,Italian,Olivia Colman
The Umbrella Academy,2.2,268,Action,2010,31,8,Canada,Korean,Olivia Colman
Stranger Things,4.9,549,Drama,2001,39,7,Spain,German,Jason Bateman
Ozark,1.1,232,Comedy,2004,69,9,Canada,English,Katherine Langford
Narcos,4.9,407,Fantasy,2021,45,9,Canada,English,Phoebe Dynevor
Money Heist,1.8,393,Action,2013,26,8,Canada,Japanese,Elliot Page
Money Heist,3.9,998,Action,2002,31,3,Spain,Korean,Phoebe Dynevor
Money Heist,4.9,582,Comedy,2023,78,5,Germany,Italian,Katherine Langford
Black Mirror,4.3,65,Crime,2023,29,7,UK,Italian,Millie Bobby Brown
Stranger Things,4.8,236,Documentary,2006,33,4,France,Spanish,Jason Bateman
Narcos,1.4,192,Fantasy,2003,54,3,UK,French,Bryce Dallas Howard
Money Heist,4.7,402,Sci-Fi,2012,69,7,France,Mandarin,Henry Cavill
Ozark,4.2,420,Documentary,2008,59,6,UK,Korean,Olivia Colman
Money Heist,3.1,462,Drama,2013,70,9,Germany,Japanese,Elliot Page
The Witcher,4.4,609,Comedy,2015,51,6,South Korea,French,Bryce Dallas Howard
Stranger Things,3.7,80,Sci-Fi,2016,58,7,Canada,Spanish,Katherine Langford
The Umbrella Academy,4.1,296,Sci-Fi,2000,41,6,Spain,Mandarin,Millie Bobby Brown
The Umbrella Academy,3.6,927,Crime,2000,30,8,Australia,Spanish,Úrsula Corberó
Black Mirror,3.9,857,Crime,2002,59,5,France,Hindi,Elliot Page
Black Mirror,2.2,357,Fantasy,2018,24,3,Australia,English,Phoebe Dynevor
Ozark,3.1,273,Mystery,2003,61,9,Australia,German,Bryce Dallas Howard
The Umbrella Academy,4.9,879,Sci-Fi,2004,23,4,Japan,Japanese,Henry Cavill
Money Heist,1.2,212,Romance,2023,77,3,Canada,Japanese,Henry Cavill
Ozark,3.5,944,Comedy,2005,37,6,Australia,Hindi,Jason Bateman
The Umbrella Academy,2.8,69,Romance,2016,61,3,Spain,Hindi,Bryce Dallas Howard
Narcos,2.5,650,Romance,2013,37,9,USA,Portuguese,Olivia Colman
Ozark,4.8,958,Comedy,2015,35,6,Australia,Portuguese,Millie Bobby Brown
The Witcher,1.9,124,Action,2006,38,3,USA,Korean,Bryce Dallas Howard
Ozark,2.3,4,Mystery,2002,65,4,India,Italian,Úrsula Corberó
Black Mirror,4.6,862,Mystery,2014,60,2,Canada,Italian,Henry Cavill
Money Heist,3.4,627,Thriller,2013,48,4,South Korea,French,Henry Cavill
Money Heist,3.5,335,Thriller,2015,62,2,Japan,French,Jason Bateman
The Witcher,4.3,302,Documentary,2004,51,5,USA,Japanese,Katherine Langford
The Umbrella Academy,2.1,772,Fantasy,2005,52,9,USA,Korean,Katherine Langford
The Crown,2.8,679,Romance,2006,72,7,India,Italian,Wagner Moura
Stranger Things,3.3,33,Action,2012,53,4,South Korea,Portuguese,Jason Bateman
Black Mirror,3.0,969,Action,2023,54,2,Germany,Italian,Jason Bateman
The Umbrella Academy,3.0,398,Action,2013,46,9,USA,Japanese,Katherine Langford
Black Mirror,3.7,530,Action,2019,68,6,Canada,German,Olivia Colman
The Crown,4.2,641,Mystery,2004,62,7,Spain,Hindi,Millie Bobby Brown
Bridgerton,4.6,355,Fantasy,2020,51,1,USA,Mandarin,Olivia Colman
Narcos,2.0,779,Comedy,2022,75,7,France,Korean,Olivia Colman
Stranger Things,1.3,731,Mystery,2001,30,4,USA,Portuguese,Úrsula Corberó
Money Heist,2.3,618,Thriller,2007,75,9,Spain,Mandarin,Phoebe Dynevor
13 Reasons Why,2.2,475,Romance,2014,77,9,South Korea,Italian,Bryce Dallas Howard
The Umbrella Academy,3.8,682,Crime,2014,24,4,Spain,English,Katherine Langford
Narcos,1.6,500,Comedy,2009,77,5,India,Italian,Bryce Dallas Howard
Black Mirror,4.1,357,Mystery,2006,23,4,India,French,Phoebe Dynevor
Narcos,1.6,604,Drama,2014,78,9,South Korea,Mandarin,Wagner Moura
Bridgerton,3.1,221,Action,2021,60,8,India,Hindi,Olivia Colman
Stranger Things,4.5,805,Romance,2005,21,6,Japan,French,Elliot Page
13 Reasons Why,2.5,233,Comedy,2011,54,7,Australia,English,Henry Cavill
The Witcher,2.3,28,Fantasy,2016,22,1,USA,Japanese,Phoebe Dynevor
The Crown,4.5,230,Comedy,2019,32,3,South Korea,French,Phoebe Dynevor
Money Heist,4.7,395,Drama,2010,65,5,USA,Mandarin,Henry Cavill
13 Reasons Why,3.6,477,Romance,2014,50,4,Spain,Hindi,Henry Cavill
The Umbrella Academy,3.6,764,Romance,2007,78,1,UK,Portuguese,Wagner Moura
Money Heist,5.0,390,Fantasy,2004,69,7,Germany,German,Henry Cavill
13 Reasons Why,3.8,931,Thriller,2017,37,9,India,Spanish,Bryce Dallas Howard
Ozark,3.3,887,Romance,2019,72,2,India,English,Úrsula Corberó
Black Mirror,1.4,489,Action,2004,51,8,Germany,Japanese,Katherine Langford
13 Reasons Why,4.8,268,Romance,2000,70,5,Australia,Portuguese,Henry Cavill
Narcos,1.6,513,Thriller,2022,31,6,USA,Spanish,Wagner Moura
Stranger Things,2.7,392,Crime,2005,58,7,Germany,Japanese,Phoebe Dynevor
The Crown,1.9,465,Mystery,2017,35,2,USA,Portuguese,Jason Bateman
Narcos,2.7,85,Comedy,2018,39,9,UK,Spanish,Olivia Colman
Bridgerton,2.1,582,Comedy,2018,77,6,Canada,Spanish,Jason Bateman
13 Reasons Why,1.3,463,Thriller,2007,59,9,USA,Mandarin,Wagner Moura
Ozark,2.6,331,Romance,2014,58,4,Germany,Mandarin,Jason Bateman
Narcos,2.9,214,Drama,2010,42,4,Spain,Korean,Olivia Colman
13 Reasons Why,3.4,431,Comedy,2002,63,3,France,English,Katherine Langford
Black Mirror,4.9,110,Fantasy,2003,69,4,Japan,Italian,Olivia Colman
Stranger Things,4.4,892,Romance,2021,72,2,Australia,Japanese,Katherine Langford
13 Reasons Why,1.3,459,Sci-Fi,2001,53,1,Australia,Portuguese,Millie Bobby Brown
13 Reasons Why,4.2,82,Sci-Fi,2015,20,5,Canada,Italian,Elliot Page
Black Mirror,4.0,839,Comedy,2022,28,1,UK,Korean,Bryce Dallas Howard
Bridgerton,1.1,709,Mystery,2023,73,5,Australia,French,Bryce Dallas Howard
Money Heist,4.9,279,Mystery,2002,70,3,UK,Portuguese,Millie Bobby Brown
The Umbrella Academy,3.2,63,Crime,2012,58,7,South Korea,French,Henry Cavill
Bridgerton,1.7,969,Thriller,2020,68,1,France,German,Jason Bateman
Black Mirror,2.6,508,Sci-Fi,2019,74,3,UK,Portuguese,Elliot Page
The Witcher,3.1,724,Thriller,2002,69,7,USA,English,Jason Bateman
Ozark,3.4,32,Sci-Fi,2015,72,5,Spain,Hindi,Elliot Page
Stranger Things,1.9,735,Documentary,2007,42,1,South Korea,Italian,Phoebe Dynevor
The Witcher,1.5,419,Fantasy,2023,35,4,Australia,English,Elliot Page
Ozark,4.5,302,Documentary,2014,65,8,India,French,Olivia Colman
Narcos,4.1,375,Comedy,2009,24,6,France,German,Elliot Page
13 Reasons Why,4.7,722,Romance,2023,61,5,Spain,Spanish,Bryce Dallas Howard
Stranger Things,3.7,509,Mystery,2002,61,6,South Korea,Mandarin,Olivia Colman
Money Heist,2.2,702,Comedy,2008,63,7,France,Mandarin,Phoebe Dynevor
The Crown,2.7,713,Thriller,2018,24,8,India,German,Jason Bateman
Narcos,3.7,22,Mystery,2022,52,3,UK,French,Millie Bobby Brown
The Crown,2.4,276,Thriller,2019,53,1,UK,German,Henry Cavill
The Umbrella Academy,1.3,144,Sci-Fi,2000,52,5,India,Mandarin,Jason Bateman
The Crown,4.0,894,Crime,2020,62,8,India,Korean,Úrsula Corberó
13 Reasons Why,4.1,413,Sci-Fi,2020,27,6,UK,German,Wagner Moura
Money Heist,4.9,938,Action,2018,42,8,Germany,Korean,Bryce Dallas Howard
Bridgerton,3.9,579,Documentary,2008,55,1,USA,French,Olivia Colman
The Umbrella Academy,3.0,225,Romance,2020,41,9,South Korea,Italian,Elliot Page
Ozark,3.0,227,Action,2016,30,8,India,Spanish,Úrsula Corberó
The Crown,4.7,210,Romance,2010,54,6,USA,Mandarin,Olivia Colman
The Witcher,3.5,106,Action,2018,37,7,France,English,Millie Bobby Brown
Narcos,1.5,998,Romance,2007,35,6,Japan,Korean,Bryce Dallas Howard
The Witcher,3.6,692,Thriller,2006,22,2,Japan,Spanish,Jason Bateman
The Umbrella Academy,3.1,954,Crime,2003,71,9,Germany,German,Úrsula Corberó
Black Mirror,4.8,528,Comedy,2000,76,3,Canada,English,Katherine Langford
Black Mirror,1.3,256,Thriller,2018,39,7,India,Korean,Úrsula Corberó
13 Reasons Why,4.2,868,Thriller,2014,38,8,UK,Spanish,Millie Bobby Brown
The Umbrella Academy,4.3,946,Romance,2000,48,8,USA,Italian,Elliot Page
Black Mirror,3.0,500,Fantasy,2009,50,3,France,Hindi,Jason Bateman
Narcos,4.7,701,Fantasy,2018,21,8,Germany,Spanish,Phoebe Dynevor
Money Heist,4.6,976,Fantasy,2002,65,4,UK,German,Wagner Moura
Bridgerton,1.0,155,Fantasy,2007,77,6,Germany,Japanese,Elliot Page
13 Reasons Why,4.8,99,Comedy,2019,67,4,UK,Mandarin,Millie Bobby Brown
Ozark,1.7,397,Documentary,2002,74,4,USA,English,Elliot Page
Ozark,2.3,374,Documentary,2018,48,4,India,Mandarin,Olivia Colman
Stranger Things,3.8,568,Action,2020,54,1,UK,Portuguese,Bryce Dallas Howard
The Crown,4.1,920,Crime,2013,30,6,Japan,Mandarin,Olivia Colman
Narcos,3.8,997,Sci-Fi,2015,58,4,France,Korean,Jason Bateman
Bridgerton,3.8,799,Crime,2009,20,5,Australia,Japanese,Phoebe Dynevor
13 Reasons Why,4.6,301,Sci-Fi,2020,21,3,USA,Portuguese,Elliot Page
Money Heist,4.2,325,Documentary,2012,60,5,USA,Japanese,Olivia Colman
Money Heist,2.1,72,Action,2015,55,1,South Korea,Mandarin,Olivia Colman
The Crown,2.0,430,Sci-Fi,2021,42,4,Canada,Italian,Wagner Moura
Black Mirror,2.0,147,Comedy,2012,63,3,France,Japanese,Jason Bateman
13 Reasons Why,4.8,42,Drama,2019,55,1,UK,French,Bryce Dallas Howard
The Crown,4.6,206,Action,2002,64,2,Australia,English,Katherine Langford
The Umbrella Academy,4.2,7,Documentary,2005,55,5,Australia,Japanese,Bryce Dallas Howard
Ozark,1.8,463,Mystery,2007,26,6,Japan,Mandarin,Bryce Dallas Howard
The Witcher,1.8,287,Thriller,2002,23,3,France,Japanese,Millie Bobby Brown
Narcos,3.0,134,Romance,2010,53,5,Canada,Portuguese,Úrsula Corberó
Narcos,4.5,120,Fantasy,2011,20,1,USA,Italian,Millie Bobby Brown
Stranger Things,2.5,814,Fantasy,2019,43,7,France,Japanese,Elliot Page
13 Reasons Why,4.3,126,Fantasy,2022,59,9,UK,Korean,Bryce Dallas Howard
Bridgerton,2.5,113,Drama,2010,67,2,France,German,Olivia Colman
Money Heist,3.1,850,Sci-Fi,2019,62,5,Germany,Portuguese,Phoebe Dynevor
Black Mirror,3.6,4,Action,2001,23,2,South Korea,German,Bryce Dallas Howard
Black Mirror,4.6,837,Fantasy,2007,57,1,USA,Portuguese,Jason Bateman
The Crown,2.4,577,Comedy,2013,21,3,France,Korean,Jason Bateman
The Witcher,2.4,779,Action,2013,70,9,India,Japanese,Katherine Langford
Narcos,3.0,906,Comedy,2012,24,6,Germany,Portuguese,Phoebe Dynevor
The Umbrella Academy,2.7,250,Sci-Fi,2012,60,3,Spain,Portuguese,Olivia Colman
The Umbrella Academy,3.8,625,Romance,2003,54,6,Germany,Japanese,Elliot Page
Ozark,4.7,437,Romance,2021,34,3,South Korea,English,Wagner Moura
13 Reasons Why,4.5,12,Action,2009,45,1,Germany,English,Olivia Colman
Narcos,1.7,226,Action,2008,29,6,USA,Portuguese,Wagner Moura
13 Reasons Why,3.0,35,Drama,2023,61,2,UK,Japanese,Phoebe Dynevor
13 Reasons Why,1.8,132,Documentary,2013,47,5,Spain,Mandarin,Katherine Langford
Stranger Things,3.6,669,Drama,2011,35,5,Australia,Spanish,Millie Bobby Brown
Narcos,1.8,512,Drama,2010,53,1,Australia,English,Elliot Page
The Crown,3.4,289,Sci-Fi,2007,50,4,South Korea,Japanese,Phoebe Dynevor
Narcos,1.1,442,Comedy,2000,73,3,South Korea,English,Jason Bateman
Ozark,3.5,888,Fantasy,2007,68,9,Australia,Spanish,Phoebe Dynevor
The Witcher,1.7,794,Fantasy,2009,78,8,Canada,Italian,Millie Bobby Brown
The Crown,2.1,245,Drama,2012,43,2,Spain,Korean,Phoebe Dynevor
Narcos,4.3,727,Mystery,2008,78,2,India,Spanish,Jason Bateman
Money Heist,1.0,845,Sci-Fi,2014,28,4,Spain,Hindi,Millie Bobby Brown
The Umbrella Academy,1.5,761,Mystery,2003,74,7,Canada,Portuguese,Bryce Dallas Howard
13 Reasons Why,4.7,556,Sci-Fi,2000,66,2,Germany,Italian,Wagner Moura
13 Reasons Why,4.9,369,Fantasy,2004,77,3,South Korea,French,Jason Bateman
Narcos,2.5,302,Documentary,2002,32,6,France,German,Olivia Colman
The Witcher,4.0,564,Fantasy,2001,70,5,Germany,Japanese,Phoebe Dynevor
Black Mirror,2.7,469,Drama,2012,22,9,Germany,Portuguese,Úrsula Corberó
Bridgerton,1.1,90,Fantasy,2003,79,2,Australia,Hindi,Úrsula Corberó
Ozark,4.7,879,Crime,2007,45,8,UK,Japanese,Úrsula Corberó
Stranger Things,2.3,713,Drama,2003,25,6,Spain,French,Bryce Dallas Howard
Ozark,4.3,15,Romance,2007,25,2,UK,Italian,Wagner Moura
Narcos,4.4,169,Crime,2012,28,9,Spain,French,Wagner Moura
Ozark,2.8,146,Action,2005,20,9,Canada,German,Phoebe Dynevor
Money Heist,3.8,214,Thriller,2003,65,6,USA,German,Úrsula Corberó
Black Mirror,5.0,299,Romance,2010,39,7,Germany,Spanish,Katherine Langford
The Umbrella Academy,1.0,586,Documentary,2002,67,7,USA,French,Wagner Moura
Ozark,1.0,815,Drama,2023,68,3,UK,Italian,Úrsula Corberó
Ozark,3.8,62,Documentary,2000,33,2,Canada,Spanish,Jason Bateman
The Witcher,4.7,810,Mystery,2002,52,4,Spain,Mandarin,Elliot Page
Narcos,1.1,393,Documentary,2000,65,3,India,Portuguese,Phoebe Dynevor
The Umbrella Academy,4.4,512,Romance,2016,40,4,Canada,Italian,Katherine Langford
13 Reasons Why,2.7,90,Romance,2005,71,4,USA,Spanish,Úrsula Corberó
Narcos,1.7,809,Fantasy,2004,40,7,Spain,Japanese,Henry Cavill
Black Mirror,5.0,737,Romance,2015,73,4,South Korea,English,Úrsula Corberó
The Witcher,4.1,437,Sci-Fi,2023,79,3,Spain,German,Phoebe Dynevor
The Witcher,1.5,492,Sci-Fi,2011,24,9,Spain,German,Millie Bobby Brown
Ozark,3.8,507,Drama,2005,44,8,Germany,French,Katherine Langford
The Umbrella Academy,2.0,4,Crime,2014,28,1,South Korea,German,Katherine Langford
Money Heist,4.3,897,Documentary,2021,69,4,South Korea,Italian,Úrsula Corberó
The Witcher,4.8,632,Documentary,2012,72,8,Australia,Mandarin,Elliot Page
Money Heist,3.5,239,Mystery,2019,48,5,Japan,Korean,Jason Bateman
The Witcher,1.2,495,Mystery,2022,78,8,Spain,Hindi,Úrsula Corberó
The Witcher,2.2,252,Crime,2016,39,7,USA,Korean,Millie Bobby Brown
The Crown,4.7,931,Comedy,2015,39,4,Australia,Italian,Millie Bobby Brown
The Witcher,1.2,107,Action,2003,30,9,Japan,Korean,Jason Bateman
Narcos,4.6,492,Documentary,2016,50,8,India,Japanese,Henry Cavill
Narcos,1.3,240,Thriller,2018,54,7,Australia,Mandarin,Katherine Langford
13 Reasons Why,1.1,254,Drama,2018,67,9,South Korea,Japanese,Phoebe Dynevor
13 Reasons Why,2.7,504,Mystery,2016,63,3,UK,Portuguese,Phoebe Dynevor
Stranger Things,3.5,973,Comedy,2001,76,3,USA,French,Jason Bateman
Ozark,2.7,775,Romance,2006,66,8,France,Portuguese,Elliot Page
Stranger Things,3.9,517,Mystery,2015,56,5,South Korea,Portuguese,Jason Bateman
Money Heist,3.0,921,Fantasy,2017,34,1,USA,Hindi,Millie Bobby Brown
Stranger Things,4.7,85,Documentary,2013,55,3,USA,Korean,Úrsula Corberó
Ozark,1.1,842,Fantasy,2021,22,8,Spain,German,Bryce Dallas Howard
Money Heist,1.3,719,Action,2000,74,8,Canada,Mandarin,Olivia Colman
Money Heist,2.5,967,Thriller,2010,71,7,Australia,Portuguese,Úrsula Corberó
The Witcher,4.2,551,Thriller,2005,49,7,Japan,French,Millie Bobby Brown
The Crown,4.3,811,Romance,2017,29,1,South Korea,French,Wagner Moura
Stranger Things,2.6,65,Mystery,2004,21,9,France,French,Wagner Moura
The Umbrella Academy,1.6,58,Thriller,2021,56,2,Canada,Portuguese,Bryce Dallas Howard
The Umbrella Academy,1.4,811,Action,2007,75,1,France,Italian,Katherine Langford
The Witcher,2.4,679,Mystery,2023,57,7,Canada,French,Millie Bobby Brown
The Witcher,2.6,145,Crime,2013,71,2,France,Mandarin,Katherine Langford
The Umbrella Academy,4.0,773,Sci-Fi,2016,37,9,Spain,Spanish,Wagner Moura
Stranger Things,2.1,96,Action,2011,42,9,USA,French,Úrsula Corberó
Ozark,4.6,221,Documentary,2021,67,9,India,Portuguese,Elliot Page
Black Mirror,2.2,148,Sci-Fi,2014,56,2,UK,Korean,Katherine Langford
Narcos,2.8,755,Comedy,2011,65,5,India,Italian,Bryce Dallas Howard
Bridgerton,3.4,630,Thriller,2007,72,1,Japan,Spanish,Katherine Langford
Bridgerton,4.2,38,Crime,2012,77,6,Germany,English,Millie Bobby Brown
The Witcher,2.0,984,Comedy,2023,45,1,Germany,Japanese,Katherine Langford
The Umbrella Academy,1.4,773,Drama,2010,69,7,South Korea,German,Henry Cavill
Bridgerton,3.5,602,Fantasy,2004,41,2,Germany,Spanish,Olivia Colman
Money Heist,3.6,683,Romance,2013,22,4,India,English,Elliot Page
Ozark,5.0,92,Romance,2004,25,4,Canada,Japanese,Katherine Langford
Black Mirror,2.3,69,Documentary,2014,66,2,UK,Hindi,Jason Bateman
Money Heist,3.5,618,Crime,2001,31,9,Germany,Japanese,Henry Cavill
Bridgerton,3.7,206,Fantasy,2023,75,5,South Korea,German,Bryce Dallas Howard
13 Reasons Why,2.4,495,Fantasy,2018,42,7,Canada,French,Olivia Colman
13 Reasons Why,2.1,861,Romance,2000,50,1,South Korea,Korean,Millie Bobby Brown
Ozark,2.9,314,Mystery,2021,64,3,Germany,French,Wagner Moura
Stranger Things,4.6,537,Action,2001,56,8,UK,French,Úrsula Corberó
Bridgerton,4.4,398,Sci-Fi,2011,54,9,USA,Portuguese,Katherine Langford
The Umbrella Academy,5.0,805,Fantasy,2018,39,5,USA,Hindi,Olivia Colman
Stranger Things,1.1,906,Drama,2015,66,2,Germany,Mandarin,Phoebe Dynevor
Ozark,4.7,167,Fantasy,2021,25,7,Germany,French,Millie Bobby Brown
13 Reasons Why,2.8,324,Sci-Fi,2014,36,4,South Korea,Mandarin,Bryce Dallas Howard
Narcos,3.1,71,Action,2016,74,9,France,French,Elliot Page
Ozark,1.4,881,Crime,2014,33,6,Germany,Mandarin,Henry Cavill
13 Reasons Why,4.2,723,Comedy,2001,65,1,Germany,German,Phoebe Dynevor
The Crown,4.9,29,Action,2011,27,9,Japan,Italian,Phoebe Dynevor
The Crown,3.3,967,Documentary,2017,66,5,India,German,Phoebe Dynevor
Bridgerton,3.7,189,Fantasy,2011,58,6,Germany,Hindi,Úrsula Corberó
Bridgerton,3.9,245,Comedy,2006,69,2,Australia,Hindi,Phoebe Dynevor
Narcos,1.4,54,Romance,2022,58,3,South Korea,Hindi,Olivia Colman
Narcos,3.4,528,Sci-Fi,2002,26,7,UK,Italian,Olivia Colman
Stranger Things,3.5,378,Drama,2000,74,5,France,German,Úrsula Corberó
Bridgerton,3.4,897,Fantasy,2006,22,8,UK,German,Bryce Dallas Howard
Bridgerton,4.7,237,Romance,2018,53,5,Japan,Japanese,Elliot Page
Black Mirror,1.4,890,Mystery,2003,52,2,Australia,Italian,Jason Bateman
The Witcher,3.7,680,Crime,2021,24,6,USA,German,Phoebe Dynevor
Stranger Things,2.2,484,Action,2001,58,9,UK,German,Olivia Colman
Bridgerton,2.6,61,Sci-Fi,2017,77,1,India,Portuguese,Henry Cavill
The Crown,4.6,839,Sci-Fi,2021,48,4,France,French,Úrsula Corberó
The Umbrella Academy,1.7,539,Mystery,2022,21,6,Germany,Korean,Olivia Colman
Bridgerton,2.4,817,Action,2019,47,2,Spain,English,Henry Cavill
The Witcher,1.4,648,Documentary,2008,57,2,South Korea,English,Katherine Langford
Narcos,4.9,986,Drama,2010,54,3,UK,Spanish,Úrsula Corberó
Ozark,1.0,695,Action,2001,79,3,Japan,Korean,Henry Cavill
The Umbrella Academy,4.2,121,Crime,2022,21,7,Canada,Portuguese,Jason Bateman
13 Reasons Why,2.5,45,Documentary,2005,39,6,India,French,Henry Cavill
The Crown,3.8,642,Thriller,2000,63,8,India,English,Millie Bobby Brown
Money Heist,1.5,310,Crime,2000,58,8,Australia,French,Jason Bateman
Ozark,4.6,9,Mystery,2011,53,2,India,Korean,Henry Cavill
Bridgerton,4.3,595,Comedy,2015,23,6,UK,Mandarin,Millie Bobby Brown
Ozark,1.8,458,Fantasy,2006,69,7,Canada,German,Úrsula Corberó
The Umbrella Academy,1.2,205,Crime,2021,79,9,Spain,English,Henry Cavill
Ozark,1.8,74,Action,2007,50,2,UK,English,Katherine Langford
The Crown,1.2,995,Action,2009,69,2,Japan,English,Millie Bobby Brown
Money Heist,4.0,757,Thriller,2013,40,8,South Korea,Hindi,Katherine Langford
Bridgerton,4.0,815,Documentary,2002,28,2,Japan,German,Katherine Langford
Narcos,4.9,616,Fantasy,2011,72,7,France,Portuguese,Elliot Page
Bridgerton,4.0,548,Thriller,2002,46,5,Australia,Italian,Henry Cavill
The Witcher,1.6,119,Thriller,2008,47,7,Spain,Hindi,Henry Cavill
Bridgerton,2.3,298,Fantasy,2008,76,2,USA,English,Olivia Colman
Narcos,1.1,540,Thriller,2000,45,9,USA,Portuguese,Olivia Colman
Ozark,2.8,578,Sci-Fi,2018,32,4,South Korea,English,Elliot Page
The Crown,3.3,828,Drama,2010,45,7,Canada,German,Phoebe Dynevor
Narcos,4.6,837,Mystery,2019,77,6,Japan,German,Olivia Colman
Stranger Things,2.2,98,Action,2006,23,8,USA,French,Millie Bobby Brown
Narcos,3.8,872,Drama,2020,27,8,Germany,Korean,Úrsula Corberó
Stranger Things,3.2,240,Action,2019,22,5,USA,Italian,Phoebe Dynevor
The Crown,1.5,476,Sci-Fi,2004,50,6,UK,French,Elliot Page
Ozark,1.6,31,Drama,2013,52,5,South Korea,French,Úrsula Corberó
Narcos,2.7,55,Mystery,2021,48,1,UK,English,Jason Bateman
The Crown,4.3,977,Crime,2012,46,7,Japan,French,Wagner Moura
The Crown,1.8,300,Crime,2008,46,5,Canada,Hindi,Elliot Page
Bridgerton,3.9,368,Mystery,2010,49,6,South Korea,German,Elliot Page
The Crown,1.1,581,Action,2023,79,9,Canada,Korean,Bryce Dallas Howard
The Witcher,5.0,971,Action,2013,65,4,Germany,Portuguese,Wagner Moura
Narcos,2.1,343,Crime,2017,34,6,Japan,Portuguese,Úrsula Corberó
The Witcher,3.3,47,Comedy,2010,69,6,Australia,Portuguese,Bryce Dallas Howard
The Crown,1.2,448,Fantasy,2015,62,1,France,Japanese,Jason Bateman
Bridgerton,1.2,18,Sci-Fi,2009,31,3,Germany,German,Henry Cavill
Bridgerton,3.7,796,Sci-Fi,2001,28,4,India,French,Olivia Colman
Black Mirror,3.1,424,Crime,2008,37,4,France,English,Phoebe Dynevor
Stranger Things,2.2,907,Crime,2019,54,3,Canada,Spanish,Katherine Langford
Money Heist,2.2,123,Fantasy,2009,28,1,South Korea,Spanish,Katherine Langford
Ozark,1.1,166,Action,2003,53,2,South Korea,Japanese,Úrsula Corberó
Money Heist,3.3,240,Mystery,2008,53,5,Australia,Hindi,Elliot Page
Bridgerton,4.6,243,Comedy,2023,71,4,UK,Hindi,Phoebe Dynevor
13 Reasons Why,4.8,203,Mystery,2002,29,3,Spain,Portuguese,Olivia Colman
The Umbrella Academy,4.5,534,Action,2013,40,6,Japan,Portuguese,Phoebe Dynevor
Black Mirror,3.1,239,Crime,2012,78,8,South Korea,Italian,Millie Bobby Brown
Ozark,3.0,140,Drama,2011,30,3,USA,Portuguese,Wagner Moura
The Witcher,4.3,122,Sci-Fi,2003,38,5,USA,Spanish,Olivia Colman
The Crown,3.9,118,Mystery,2001,56,3,UK,Portuguese,Henry Cavill
Stranger Things,4.4,744,Thriller,2000,61,9,USA,Italian,Wagner Moura
Black Mirror,2.3,613,Fantasy,2016,61,2,Spain,French,Millie Bobby Brown
Black Mirror,3.5,757,Romance,2006,58,9,Spain,Spanish,Jason Bateman
Narcos,4.0,725,Fantasy,2002,72,4,Australia,English,Bryce Dallas Howard
Ozark,2.7,314,Action,2007,23,7,UK,German,Phoebe Dynevor
Black Mirror,2.6,936,Documentary,2012,38,8,USA,English,Bryce Dallas Howard
13 Reasons Why,2.3,676,Fantasy,2016,58,2,Japan,English,Katherine Langford
Ozark,2.8,864,Documentary,2004,23,2,USA,Italian,Phoebe Dynevor
Bridgerton,1.2,862,Mystery,2007,56,5,South Korea,German,Henry Cavill
Ozark,4.1,953,Comedy,2019,44,1,Spain,Italian,Millie Bobby Brown
Narcos,1.4,758,Documentary,2002,20,2,Spain,Italian,Wagner Moura
The Crown,4.7,521,Thriller,2002,78,1,France,Spanish,Henry Cavill
Money Heist,1.0,154,Crime,2020,63,1,USA,English,Henry Cavill
The Umbrella Academy,2.1,136,Drama,2004,76,6,Japan,Japanese,Phoebe Dynevor
13 Reasons Why,3.6,390,Sci-Fi,2019,47,4,USA,English,Bryce Dallas Howard
Ozark,2.5,417,Fantasy,2002,28,9,Canada,Italian,Bryce Dallas Howard
Stranger Things,2.7,490,Thriller,2016,30,6,France,Korean,Bryce Dallas Howard
The Crown,3.6,507,Comedy,2016,73,4,Australia,Mandarin,Bryce Dallas Howard
Bridgerton,2.5,78,Documentary,2021,74,2,Germany,Hindi,Phoebe Dynevor
The Witcher,1.2,867,Mystery,2012,62,1,India,Hindi,Wagner Moura
The Crown,4.4,739,Sci-Fi,2000,70,8,Germany,Portuguese,Jason Bateman
Black Mirror,4.2,47,Fantasy,2015,21,3,Japan,Mandarin,Olivia Colman
13 Reasons Why,4.8,198,Comedy,2009,70,7,South Korea,Japanese,Wagner Moura
Bridgerton,3.4,178,Fantasy,2022,63,1,Spain,Spanish,Jason Bateman
Black Mirror,3.6,713,Drama,2013,76,8,Spain,Japanese,Millie Bobby Brown
The Umbrella Academy,1.8,59,Documentary,2021,62,9,France,Japanese,Henry Cavill
The Umbrella Academy,4.2,413,Thriller,2005,43,3,Spain,Portuguese,Millie Bobby Brown
Narcos,4.1,986,Drama,2019,56,9,Canada,English,Phoebe Dynevor
The Witcher,1.7,835,Comedy,2002,73,5,Spain,Spanish,Phoebe Dynevor
Ozark,1.2,396,Sci-Fi,2014,72,2,USA,Italian,Elliot Page
Stranger Things,2.6,117,Action,2010,27,1,Canada,Spanish,Olivia Colman
13 Reasons Why,4.2,271,Documentary,2012,45,5,Canada,Spanish,Elliot Page
Money Heist,2.6,82,Crime,2003,41,8,Canada,Italian,Jason Bateman
The Crown,4.4,530,Sci-Fi,2007,78,6,South Korea,Spanish,Henry Cavill
13 Reasons Why,3.1,969,Drama,2006,46,8,Japan,Italian,Henry Cavill
Ozark,2.9,668,Crime,2005,49,2,Spain,Hindi,Elliot Page
The Crown,3.6,665,Documentary,2018,64,6,India,English,Úrsula Corberó
Narcos,3.9,131,Romance,2020,53,4,South Korea,French,Olivia Colman
Ozark,1.9,46,Thriller,2008,59,3,USA,Spanish,Elliot Page
The Crown,4.9,643,Romance,2016,66,4,Australia,English,Jason Bateman
The Crown,3.8,283,Action,2000,29,3,Canada,Hindi,Phoebe Dynevor
The Umbrella Academy,4.5,446,Drama,2001,20,1,Spain,Italian,Katherine Langford
Ozark,3.2,939,Drama,2009,77,1,South Korea,Hindi,Phoebe Dynevor
Narcos,1.4,266,Fantasy,2004,69,1,UK,German,Elliot Page
13 Reasons Why,2.7,359,Fantasy,2014,72,7,Japan,Spanish,Millie Bobby Brown
Black Mirror,1.5,269,Fantasy,2004,62,7,France,French,Wagner Moura
Stranger Things,2.8,168,Comedy,2011,61,6,Canada,Italian,Úrsula Corberó
Narcos,3.5,911,Fantasy,2010,72,4,Germany,German,Phoebe Dynevor
13 Reasons Why,3.7,93,Thriller,2015,21,5,Spain,Japanese,Jason Bateman
The Crown,1.3,709,Documentary,2009,36,3,UK,German,Wagner Moura
Stranger Things,3.5,687,Thriller,2020,73,1,UK,Japanese,Elliot Page
The Crown,1.7,662,Mystery,2020,65,7,Spain,French,Henry Cavill
Money Heist,3.7,681,Documentary,2021,59,8,UK,Portuguese,Katherine Langford
13 Reasons Why,1.4,589,Documentary,2003,68,6,Germany,Korean,Katherine Langford
Ozark,3.0,439,Drama,2002,70,7,Germany,German,Henry Cavill
The Umbrella Academy,2.0,144,Documentary,2009,64,9,USA,Hindi,Wagner Moura
Black Mirror,1.9,594,Mystery,2003,25,5,South Korea,Portuguese,Katherine Langford
Narcos,2.5,592,Mystery,2017,23,5,South Korea,Portuguese,Olivia Colman
Money Heist,4.5,714,Action,2010,46,6,UK,Japanese,Elliot Page
Black Mirror,3.0,612,Fantasy,2019,50,8,South Korea,Mandarin,Henry Cavill
The Umbrella Academy,2.4,718,Fantasy,2013,79,9,Japan,Japanese,Katherine Langford
The Witcher,3.7,189,Fantasy,2011,61,4,France,Hindi,Bryce Dallas Howard
Stranger Things,2.8,629,Romance,2006,71,8,UK,Portuguese,Olivia Colman
The Umbrella Academy,3.4,913,Mystery,2010,26,2,South Korea,French,Millie Bobby Brown
The Crown,1.9,642,Action,2005,57,1,France,English,Phoebe Dynevor
Stranger Things,1.1,470,Drama,2006,75,5,South Korea,Spanish,Henry Cavill
The Crown,2.2,786,Fantasy,2003,33,2,France,German,Katherine Langford
Bridgerton,4.5,730,Drama,2019,30,3,Spain,Italian,Katherine Langford
Bridgerton,2.6,646,Crime,2000,66,7,UK,English,Phoebe Dynevor
Ozark,1.1,730,Documentary,2010,38,3,Canada,Hindi,Wagner Moura
The Witcher,5.0,477,Documentary,2016,58,9,Japan,German,Olivia Colman
Narcos,3.8,591,Thriller,2013,37,7,Canada,German,Jason Bateman
Bridgerton,4.0,466,Comedy,2019,78,9,Canada,Portuguese,Olivia Colman
The Crown,4.3,719,Comedy,2013,33,1,Canada,Korean,Úrsula Corberó
The Crown,4.4,220,Sci-Fi,2001,33,4,Spain,Hindi,Olivia Colman
The Umbrella Academy,2.8,326,Drama,2009,48,8,Germany,Mandarin,Wagner Moura
The Umbrella Academy,4.4,108,Crime,2012,27,8,UK,Japanese,Bryce Dallas Howard
Narcos,3.1,23,Crime,2019,57,5,South Korea,French,Phoebe Dynevor
Narcos,1.0,448,Sci-Fi,2022,77,4,India,Mandarin,Jason Bateman
Black Mirror,2.9,67,Fantasy,2001,74,5,South Korea,Portuguese,Jason Bateman
Money Heist,3.0,930,Documentary,2002,25,9,France,Italian,Millie Bobby Brown
The Witcher,4.9,728,Mystery,2021,43,6,France,Mandarin,Jason Bateman
Bridgerton,2.3,138,Mystery,2004,22,9,USA,Mandarin,Wagner Moura
Ozark,2.6,52,Crime,2006,20,3,South Korea,English,Jason Bateman
The Umbrella Academy,1.7,146,Documentary,2007,38,8,UK,Japanese,Olivia Colman
Ozark,2.8,551,Thriller,2006,49,8,South Korea,Portuguese,Henry Cavill
The Umbrella Academy,4.6,567,Drama,2004,28,9,Canada,Portuguese,Elliot Page
Narcos,2.7,381,Mystery,2009,53,6,India,German,Wagner Moura
Money Heist,1.3,692,Documentary,2023,28,5,South Korea,Hindi,Millie Bobby Brown
The Umbrella Academy,2.4,942,Documentary,2005,49,1,Germany,English,Bryce Dallas Howard
Stranger Things,3.6,821,Fantasy,2005,25,6,Japan,Portuguese,Wagner Moura
Bridgerton,2.8,927,Action,2021,48,7,Germany,Portuguese,Elliot Page
Money Heist,4.9,640,Documentary,2004,21,6,Canada,Portuguese,Katherine Langford
The Umbrella Academy,3.8,812,Sci-Fi,2005,72,3,UK,English,Phoebe Dynevor
Money Heist,2.9,906,Action,2015,69,9,Japan,French,Phoebe Dynevor
Bridgerton,2.0,602,Crime,2004,27,2,Japan,Portuguese,Wagner Moura
Ozark,2.2,785,Fantasy,2015,72,3,Spain,English,Henry Cavill
The Crown,2.0,141,Action,2016,38,1,Australia,English,Olivia Colman
Bridgerton,3.6,833,Mystery,2002,28,1,UK,English,Henry Cavill
Bridgerton,3.9,202,Fantasy,2004,50,7,Australia,Mandarin,Katherine Langford
The Witcher,3.3,717,Crime,2020,25,5,South Korea,French,Jason Bateman
Narcos,4.6,493,Romance,2022,30,8,France,Hindi,Bryce Dallas Howard
The Umbrella Academy,4.2,220,Crime,2012,69,1,Germany,Italian,Bryce Dallas Howard
The Crown,3.9,362,Crime,2006,33,6,India,Italian,Jason Bateman
Narcos,2.5,149,Romance,2010,73,9,Germany,Hindi,Bryce Dallas Howard
Money Heist,1.4,909,Fantasy,2020,42,9,Spain,Portuguese,Olivia Colman
The Umbrella Academy,3.7,194,Thriller,2011,46,4,Japan,Portuguese,Elliot Page
The Witcher,2.3,35,Documentary,2005,75,3,USA,Portuguese,Jason Bateman
Money Heist,3.5,816,Documentary,2007,61,8,South Korea,Spanish,Úrsula Corberó
The Umbrella Academy,2.2,565,Drama,2012,39,1,USA,English,Henry Cavill
The Witcher,3.3,15,Thriller,2023,54,9,Germany,German,Millie Bobby Brown
Narcos,1.5,111,Sci-Fi,2000,70,6,USA,Japanese,Úrsula Corberó
Ozark,3.1,922,Fantasy,2022,38,3,Germany,Mandarin,Bryce Dallas Howard
Black Mirror,4.4,243,Drama,2023,58,1,Australia,Portuguese,Katherine Langford
Black Mirror,3.4,489,Mystery,2021,30,4,Spain,French,Úrsula Corberó
The Witcher,1.5,784,Crime,2010,20,6,Germany,Hindi,Katherine Langford
Money Heist,1.1,865,Drama,2000,38,7,Germany,French,Bryce Dallas Howard
Bridgerton,1.2,190,Documentary,2013,24,8,USA,Hindi,Bryce Dallas Howard
The Witcher,4.3,845,Thriller,2006,37,1,France,English,Millie Bobby Brown
The Crown,4.6,529,Documentary,2018,36,8,Germany,Hindi,Elliot Page
Narcos,4.6,549,Romance,2012,34,6,Japan,Spanish,Katherine Langford
Stranger Things,4.7,209,Fantasy,2002,66,8,Canada,Portuguese,Jason Bateman
Ozark,3.3,671,Fantasy,2009,48,6,Japan,Hindi,Katherine Langford
The Umbrella Academy,3.2,442,Action,2002,72,8,France,Italian,Jason Bateman
Black Mirror,1.3,481,Thriller,2014,66,3,Australia,Korean,Henry Cavill
The Umbrella Academy,4.4,575,Action,2012,37,9,India,Italian,Katherine Langford
Bridgerton,1.5,555,Action,2017,58,4,Spain,Korean,Úrsula Corberó
The Umbrella Academy,3.6,277,Documentary,2005,55,9,France,Portuguese,Millie Bobby Brown
Money Heist,4.1,177,Mystery,2013,46,8,USA,Hindi,Wagner Moura
The Witcher,4.6,108,Documentary,2017,40,4,Australia,Japanese,Olivia Colman
Stranger Things,3.2,161,Romance,2009,43,1,Japan,Mandarin,Wagner Moura
Money Heist,4.5,445,Mystery,2023,79,3,Germany,Japanese,Wagner Moura
The Witcher,3.8,708,Mystery,2007,71,9,India,Japanese,Katherine Langford
The Witcher,1.2,784,Thriller,2023,48,7,Australia,Korean,Bryce Dallas Howard
The Witcher,3.5,931,Comedy,2009,23,1,India,Portuguese,Phoebe Dynevor
The Crown,2.5,189,Romance,2023,34,9,Germany,Japanese,Henry Cavill
Money Heist,2.9,579,Romance,2001,77,7,Spain,Mandarin,Bryce Dallas Howard
The Witcher,2.6,491,Sci-Fi,2014,35,5,USA,Italian,Phoebe Dynevor
The Umbrella Academy,3.2,949,Mystery,2001,53,1,South Korea,Spanish,Phoebe Dynevor
Stranger Things,4.8,55,Documentary,2011,31,9,South Korea,English,Elliot Page
Stranger Things,1.4,752,Fantasy,2021,27,6,Spain,Japanese,Millie Bobby Brown
Narcos,1.6,234,Action,2019,51,6,Australia,Italian,Phoebe Dynevor
13 Reasons Why,4.9,1000,Comedy,2002,61,4,USA,Portuguese,Katherine Langford
Bridgerton,4.6,747,Drama,2014,41,4,Canada,English,Phoebe Dynevor
The Umbrella Academy,3.7,467,Documentary,2014,78,9,France,Japanese,Wagner Moura
Narcos,2.3,893,Crime,2011,65,6,Canada,English,Henry Cavill
The Crown,3.4,500,Action,2023,77,1,South Korea,Spanish,Wagner Moura
The Witcher,2.2,897,Documentary,2000,54,6,UK,Spanish,Olivia Colman
The Umbrella Academy,4.9,858,Mystery,2016,64,2,South Korea,Japanese,Millie Bobby Brown
The Umbrella Academy,3.3,895,Thriller,2016,79,5,South Korea,Portuguese,Katherine Langford
The Crown,4.3,904,Thriller,2006,65,2,France,Japanese,Olivia Colman
The Witcher,1.9,557,Drama,2004,47,7,Germany,English,Wagner Moura
The Crown,2.2,627,Sci-Fi,2008,45,4,Germany,Hindi,Henry Cavill
13 Reasons Why,1.8,785,Thriller,2002,42,8,Canada,Hindi,Henry Cavill
Stranger Things,4.8,638,Mystery,2020,59,5,USA,Korean,Bryce Dallas Howard
The Witcher,4.3,390,Romance,2014,29,3,USA,Hindi,Phoebe Dynevor
Ozark,2.1,334,Fantasy,2005,78,3,UK,Mandarin,Elliot Page
Bridgerton,4.4,16,Documentary,2002,24,4,Japan,German,Millie Bobby Brown
Ozark,1.0,147,Romance,2009,59,2,UK,Italian,Jason Bateman
Stranger Things,5.0,972,Drama,2023,52,3,South Korea,Spanish,Katherine Langford
Stranger Things,3.3,900,Thriller,2016,39,7,Spain,German,Jason Bateman
The Umbrella Academy,3.8,135,Mystery,2006,44,1,France,Italian,Úrsula Corberó
Money Heist,4.7,502,Fantasy,2020,53,5,Spain,Korean,Phoebe Dynevor
Bridgerton,2.8,965,Fantasy,2000,48,8,France,English,Millie Bobby Brown
Black Mirror,2.8,536,Crime,2004,60,2,Spain,Mandarin,Phoebe Dynevor
Ozark,3.2,837,Action,2006,43,4,USA,Portuguese,Katherine Langford
Ozark,3.6,998,Drama,2017,30,5,USA,Korean,Úrsula Corberó
The Umbrella Academy,3.4,764,Crime,2019,25,3,UK,Mandarin,Bryce Dallas Howard
Ozark,3.9,90,Crime,2017,21,8,Germany,English,Katherine Langford
The Umbrella Academy,4.5,604,Sci-Fi,2023,31,2,South Korea,Mandarin,Phoebe Dynevor
Ozark,1.9,744,Crime,2005,23,9,Canada,Japanese,Jason Bateman
The Crown,4.4,260,Crime,2007,44,8,UK,French,Úrsula Corberó
The Umbrella Academy,1.3,305,Comedy,2008,20,9,Spain,Mandarin,Olivia Colman
Black Mirror,3.0,339,Romance,2017,71,1,France,German,Bryce Dallas Howard
The Witcher,4.2,565,Fantasy,2011,22,3,USA,Italian,Elliot Page
13 Reasons Why,2.1,341,Thriller,2009,23,1,Australia,German,Wagner Moura
The Crown,2.7,340,Fantasy,2002,72,1,Germany,Hindi,Bryce Dallas Howard
Black Mirror,3.8,176,Mystery,2019,37,8,Spain,Hindi,Elliot Page
Narcos,4.7,930,Comedy,2000,57,2,France,Mandarin,Úrsula Corberó
Money Heist,2.8,267,Comedy,2006,51,1,Australia,Portuguese,Úrsula Corberó
Money Heist,2.4,718,Sci-Fi,2009,62,7,Canada,Korean,Elliot Page
The Umbrella Academy,2.0,398,Sci-Fi,2002,47,8,Australia,Hindi,Úrsula Corberó
Narcos,2.5,103,Romance,2004,48,7,USA,French,Jason Bateman
The Umbrella Academy,2.5,404,Romance,2021,51,8,France,English,Phoebe Dynevor
Black Mirror,4.8,7,Crime,2014,75,7,India,Mandarin,Wagner Moura
Ozark,2.8,449,Mystery,2010,42,2,USA,Italian,Katherine Langford
The Crown,1.5,425,Action,2019,73,3,Germany,Korean,Úrsula Corberó
13 Reasons Why,1.6,562,Sci-Fi,2015,78,3,Canada,Portuguese,Elliot Page
Money Heist,2.3,677,Sci-Fi,2002,38,8,Japan,Japanese,Phoebe Dynevor
The Umbrella Academy,1.3,100,Romance,2022,61,8,Spain,Spanish,Henry Cavill
Money Heist,3.9,688,Mystery,2010,30,8,Canada,Hindi,Henry Cavill
Narcos,1.5,58,Action,2018,56,9,Spain,Mandarin,Katherine Langford
Stranger Things,4.5,762,Comedy,2000,62,3,UK,French,Wagner Moura
Ozark,1.8,146,Comedy,2006,24,1,Australia,Hindi,Elliot Page
Black Mirror,4.2,565,Thriller,2006,24,7,South Korea,Mandarin,Elliot Page
Money Heist,2.3,458,Sci-Fi,2004,53,3,Canada,Italian,Úrsula Corberó
The Witcher,1.8,223,Crime,2002,47,4,Germany,German,Wagner Moura
Black Mirror,3.2,481,Action,2018,24,3,Spain,Mandarin,Jason Bateman
Narcos,4.6,884,Fantasy,2000,39,7,South Korea,Spanish,Phoebe Dynevor
The Witcher,1.2,617,Action,2018,30,1,Spain,Mandarin,Olivia Colman
Stranger Things,3.7,758,Thriller,2003,38,3,South Korea,Mandarin,Jason Bateman
Narcos,2.2,273,Thriller,2015,32,9,Germany,English,Olivia Colman
Ozark,1.4,635,Drama,2014,53,8,UK,French,Henry Cavill
Black Mirror,1.2,443,Romance,2004,51,5,South Korea,Korean,Henry Cavill
Bridgerton,1.1,999,Fantasy,2012,77,1,Japan,Hindi,Olivia Colman
Money Heist,1.1,956,Drama,2014,33,8,UK,French,Elliot Page
The Witcher,2.2,784,Romance,2012,25,1,Germany,Hindi,Elliot Page
Bridgerton,2.3,945,Comedy,2010,68,3,USA,Mandarin,Phoebe Dynevor
Narcos,3.6,397,Fantasy,2004,79,9,India,English,Úrsula Corberó
Bridgerton,3.7,773,Fantasy,2005,50,3,USA,Japanese,Jason Bateman
13 Reasons Why,3.5,843,Documentary,2005,31,8,Germany,German,Bryce Dallas Howard
Bridgerton,2.3,25,Drama,2006,24,9,Canada,Korean,Olivia Colman
Bridgerton,3.3,127,Crime,2006,43,9,Australia,Hindi,Henry Cavill
Bridgerton,2.7,777,Drama,2007,33,6,Australia,English,Katherine Langford
Money Heist,2.7,219,Mystery,2014,22,6,Australia,Italian,Henry Cavill
Bridgerton,1.1,178,Mystery,2007,51,7,Canada,Hindi,Olivia Colman
Narcos,2.1,202,Romance,2008,48,4,Germany,Portuguese,Bryce Dallas Howard
The Witcher,1.9,208,Drama,2017,37,7,UK,Mandarin,Henry Cavill
Stranger Things,1.8,53,Fantasy,2015,62,7,South Korea,French,Bryce Dallas Howard
Money Heist,3.4,557,Sci-Fi,2003,67,5,Australia,Spanish,Millie Bobby Brown
13 Reasons Why,4.4,44,Documentary,2021,66,2,France,Mandarin,Phoebe Dynevor
Money Heist,3.1,822,Mystery,2002,77,8,Spain,Hindi,Bryce Dallas Howard
Narcos,3.7,496,Thriller,2022,31,5,India,Portuguese,Bryce Dallas Howard
Bridgerton,3.0,391,Mystery,2017,27,2,Australia,English,Phoebe Dynevor
Bridgerton,4.5,543,Romance,2002,68,3,Japan,Hindi,Phoebe Dynevor
The Crown,4.9,197,Action,2009,52,9,Spain,Portuguese,Phoebe Dynevor
Ozark,1.1,461,Romance,2009,40,9,Canada,Spanish,Olivia Colman
Ozark,4.2,906,Documentary,2022,33,5,Spain,Portuguese,Wagner Moura
Ozark,2.0,282,Fantasy,2015,68,6,India,Korean,Wagner Moura
13 Reasons Why,1.5,961,Crime,2015,30,3,UK,English,Úrsula Corberó
Ozark,1.5,108,Action,2011,54,3,Canada,German,Bryce Dallas Howard
Stranger Things,3.4,565,Action,2004,75,6,Japan,Hindi,Henry Cavill
Ozark,2.7,683,Fantasy,2008,68,6,India,German,Olivia Colman
Black Mirror,4.4,890,Comedy,2005,46,3,France,Korean,Wagner Moura
The Umbrella Academy,1.3,400,Crime,2003,53,7,Australia,Italian,Úrsula Corberó
The Witcher,2.3,974,Action,2005,77,8,USA,Hindi,Jason Bateman
Narcos,4.6,971,Sci-Fi,2021,24,3,Australia,Hindi,Jason Bateman
Money Heist,5.0,498,Drama,2004,74,9,Canada,English,Wagner Moura
The Crown,1.7,616,Mystery,2006,69,7,South Korea,Korean,Wagner Moura
The Umbrella Academy,1.5,118,Romance,2005,75,3,South Korea,French,Henry Cavill
Money Heist,2.9,89,Action,2009,70,4,USA,Mandarin,Úrsula Corberó
Bridgerton,2.4,441,Fantasy,2007,45,1,India,Mandarin,Millie Bobby Brown
The Witcher,1.5,39,Romance,2014,22,2,Spain,Hindi,Olivia Colman
The Umbrella Academy,1.3,410,Sci-Fi,2018,24,8,France,French,Úrsula Corberó
Ozark,3.6,38,Action,2017,74,2,India,Japanese,Elliot Page
The Umbrella Academy,4.3,839,Romance,2007,71,8,Spain,Portuguese,Wagner Moura
Narcos,2.9,141,Comedy,2006,52,9,South Korea,Hindi,Bryce Dallas Howard
Ozark,1.5,658,Thriller,2018,59,4,South Korea,Hindi,Wagner Moura
The Crown,3.9,632,Sci-Fi,2002,66,8,USA,Mandarin,Wagner Moura
Ozark,4.2,153,Sci-Fi,2022,53,6,USA,English,Jason Bateman
The Witcher,1.5,375,Mystery,2002,65,6,Germany,English,Wagner Moura
13 Reasons Why,3.3,930,Fantasy,2005,26,8,France,English,Jason Bateman
The Witcher,3.8,902,Sci-Fi,2023,75,1,South Korea,Portuguese,Jason Bateman
Bridgerton,2.6,748,Comedy,2004,79,1,UK,Japanese,Phoebe Dynevor
The Umbrella Academy,3.3,583,Documentary,2004,20,6,France,Japanese,Bryce Dallas Howard
Black Mirror,4.1,175,Romance,2022,66,7,India,French,Phoebe Dynevor
Narcos,4.0,673,Comedy,2014,21,8,USA,French,Úrsula Corberó
Black Mirror,2.3,590,Comedy,2008,28,9,Canada,German,Katherine Langford
Money Heist,3.9,123,Action,2020,38,3,India,English,Olivia Colman
The Crown,1.9,832,Sci-Fi,2011,35,3,UK,French,Jason Bateman
13 Reasons Why,2.3,576,Mystery,2002,32,1,USA,Spanish,Úrsula Corberó
Ozark,3.7,502,Action,2000,24,3,Spain,Mandarin,Elliot Page
Narcos,1.5,651,Drama,2016,66,5,UK,German,Olivia Colman
Bridgerton,4.4,885,Mystery,2009,47,3,Germany,Hindi,Elliot Page
Black Mirror,4.7,799,Documentary,2004,52,1,Japan,Italian,Phoebe Dynevor
Money Heist,2.8,725,Romance,2010,52,9,Australia,Italian,Phoebe Dynevor
Ozark,1.8,609,Action,2012,43,5,UK,Italian,Jason Bateman
Money Heist,1.2,242,Drama,2012,46,8,Canada,Hindi,Henry Cavill
Bridgerton,4.6,203,Crime,2016,74,4,Germany,Portuguese,Bryce Dallas Howard
The Witcher,1.6,714,Thriller,2001,53,7,South Korea,Korean,Millie Bobby Brown
The Umbrella Academy,2.2,327,Comedy,2002,70,1,France,Japanese,Úrsula Corberó
Black Mirror,4.6,200,Romance,2012,46,5,Germany,English,Wagner Moura
Narcos,3.8,990,Mystery,2003,59,2,France,Spanish,Henry Cavill
13 Reasons Why,4.6,314,Action,2004,52,1,India,Italian,Úrsula Corberó
Ozark,2.9,650,Crime,2006,79,5,India,Hindi,Bryce Dallas Howard
The Witcher,1.6,612,Comedy,2004,41,8,India,French,Henry Cavill
Bridgerton,4.9,690,Thriller,2013,54,9,Canada,English,Phoebe Dynevor
The Umbrella Academy,3.9,438,Fantasy,2006,61,7,Canada,German,Elliot Page
Money Heist,2.9,350,Thriller,2004,29,4,Australia,Korean,Olivia Colman
Stranger Things,3.3,977,Romance,2018,40,7,France,Italian,Olivia Colman
Black Mirror,4.0,732,Comedy,2017,20,8,France,Korean,Jason Bateman
Ozark,3.8,833,Comedy,2008,35,4,Germany,Mandarin,Katherine Langford
Stranger Things,1.2,61,Fantasy,2011,70,4,USA,Portuguese,Úrsula Corberó
Ozark,4.9,553,Romance,2012,42,2,Spain,Italian,Henry Cavill
Narcos,3.8,392,Action,2023,33,9,Australia,Hindi,Wagner Moura
Bridgerton,3.2,66,Mystery,2002,49,4,Canada,Mandarin,Katherine Langford
13 Reasons Why,5.0,221,Drama,2008,66,3,Germany,Mandarin,Wagner Moura
Stranger Things,3.5,814,Romance,2008,68,2,France,French,Wagner Moura
Stranger Things,2.3,975,Action,2002,63,9,USA,Italian,Henry Cavill
Stranger Things,1.8,573,Thriller,2006,53,7,Japan,Italian,Phoebe Dynevor
Ozark,3.1,10,Sci-Fi,2014,34,3,South Korea,Portuguese,Phoebe Dynevor
Ozark,5.0,236,Mystery,2003,52,6,South Korea,Spanish,Úrsula Corberó
Bridgerton,3.8,32,Fantasy,2000,48,9,USA,Portuguese,Úrsula Corberó
The Witcher,3.1,556,Sci-Fi,2022,40,1,Spain,Korean,Wagner Moura
The Witcher,4.6,848,Action,2019,51,7,Australia,Mandarin,Úrsula Corberó
Stranger Things,3.5,586,Sci-Fi,2003,31,2,Spain,Italian,Katherine Langford
The Umbrella Academy,4.7,645,Drama,2002,59,7,UK,Portuguese,Phoebe Dynevor
Money Heist,3.4,897,Comedy,2004,20,5,Japan,Japanese,Olivia Colman
Black Mirror,2.5,582,Sci-Fi,2016,50,3,India,Italian,Elliot Page
13 Reasons Why,4.6,215,Fantasy,2018,63,2,Japan,Spanish,Olivia Colman
Bridgerton,4.2,670,Romance,2002,25,3,India,French,Katherine Langford
Ozark,4.2,836,Drama,2011,21,7,Australia,Mandarin,Henry Cavill
Bridgerton,2.6,754,Documentary,2012,42,2,Japan,Hindi,Úrsula Corberó
The Umbrella Academy,4.8,227,Mystery,2001,22,3,Germany,Portuguese,Úrsula Corberó
Stranger Things,2.2,393,Fantasy,2022,73,9,UK,Japanese,Millie Bobby Brown
The Witcher,3.2,241,Romance,2018,26,4,Australia,Mandarin,Bryce Dallas Howard
Bridgerton,3.6,745,Drama,2009,57,4,Spain,German,Katherine Langford
The Witcher,3.0,802,Crime,2011,27,5,India,Portuguese,Phoebe Dynevor
Black Mirror,2.1,440,Action,2008,72,6,USA,Portuguese,Katherine Langford
Money Heist,1.5,280,Documentary,2011,64,3,Australia,Korean,Henry Cavill
Narcos,4.8,264,Sci-Fi,2016,71,5,USA,Italian,Phoebe Dynevor
The Crown,4.1,863,Comedy,2021,50,5,UK,Italian,Phoebe Dynevor
The Crown,2.6,534,Thriller,2018,59,2,India,Japanese,Bryce Dallas Howard
Narcos,4.3,183,Mystery,2013,41,2,India,Portuguese,Millie Bobby Brown
The Witcher,4.7,555,Comedy,2011,25,2,USA,French,Úrsula Corberó
The Witcher,2.5,192,Comedy,2001,32,8,Spain,Mandarin,Bryce Dallas Howard
Stranger Things,3.3,731,Thriller,2001,32,6,Japan,Japanese,Úrsula Corberó
The Witcher,2.6,481,Action,2019,38,7,Spain,German,Henry Cavill
Stranger Things,1.6,112,Fantasy,2020,43,5,France,Mandarin,Olivia Colman
Black Mirror,4.1,227,Mystery,2010,73,7,Germany,Korean,Elliot Page
Bridgerton,1.0,541,Romance,2020,70,2,Japan,English,Katherine Langford
Ozark,1.1,654,Sci-Fi,2015,27,1,Australia,Hindi,Phoebe Dynevor
The Umbrella Academy,3.6,273,Mystery,2014,59,9,Germany,Spanish,Elliot Page
Ozark,1.0,777,Drama,2006,26,7,Japan,Portuguese,Phoebe Dynevor
Narcos,2.5,637,Comedy,2010,48,5,South Korea,French,Millie Bobby Brown
Black Mirror,3.9,544,Drama,2019,61,7,Germany,Hindi,Phoebe Dynevor
Stranger Things,4.5,142,Sci-Fi,2009,48,8,South Korea,Mandarin,Elliot Page
Money Heist,4.4,969,Fantasy,2010,44,9,UK,Japanese,Elliot Page
The Crown,1.6,51,Comedy,2022,49,4,Spain,Mandarin,Henry Cavill
13 Reasons Why,3.9,893,Crime,2005,73,7,UK,Japanese,Wagner Moura
The Witcher,4.1,736,Romance,2003,66,4,UK,Portuguese,Millie Bobby Brown
Stranger Things,1.3,497,Drama,2003,46,9,Germany,Mandarin,Millie Bobby Brown
The Witcher,3.7,750,Sci-Fi,2006,68,4,Japan,Hindi,Olivia Colman
Ozark,1.7,651,Documentary,2015,20,1,USA,Mandarin,Katherine Langford
Money Heist,1.6,782,Drama,2010,57,5,Australia,Japanese,Phoebe Dynevor
The Witcher,1.8,378,Comedy,2011,35,7,Australia,Japanese,Millie Bobby Brown
The Witcher,1.4,799,Crime,2002,46,3,France,Portuguese,Millie Bobby Brown
Narcos,2.3,233,Crime,2009,29,2,Japan,Korean,Phoebe Dynevor
Stranger Things,1.5,411,Comedy,2017,61,7,Spain,Italian,Úrsula Corberó
Stranger Things,3.0,831,Documentary,2010,78,4,Germany,Spanish,Olivia Colman
The Umbrella Academy,4.8,919,Crime,2007,31,1,USA,Spanish,Millie Bobby Brown
Bridgerton,1.7,897,Documentary,2008,69,7,USA,Mandarin,Bryce Dallas Howard
Narcos,2.9,345,Crime,2017,42,4,UK,Korean,Jason Bateman
The Witcher,3.7,415,Documentary,2023,61,9,Japan,German,Wagner Moura
Narcos,2.8,155,Romance,2010,31,8,Japan,Korean,Millie Bobby Brown
Ozark,1.8,66,Action,2013,73,6,Canada,Spanish,Phoebe Dynevor
Narcos,3.7,584,Drama,2001,61,9,Spain,Hindi,Elliot Page
Stranger Things,1.5,858,Sci-Fi,2020,79,4,South Korea,Spanish,Katherine Langford
13 Reasons Why,2.1,157,Mystery,2012,20,2,Germany,Portuguese,Henry Cavill
Money Heist,1.1,584,Comedy,2004,69,2,Canada,Hindi,Millie Bobby Brown
Black Mirror,2.2,41,Drama,2017,67,1,USA,Portuguese,Phoebe Dynevor
Stranger Things,1.3,211,Action,2003,29,9,UK,Mandarin,Millie Bobby Brown
The Umbrella Academy,2.9,481,Sci-Fi,2007,79,2,India,French,Úrsula Corberó
The Umbrella Academy,2.1,269,Crime,2011,66,4,Canada,Mandarin,Olivia Colman
The Umbrella Academy,4.3,803,Thriller,2018,62,2,UK,Mandarin,Elliot Page
Black Mirror,4.4,200,Comedy,2000,35,1,Canada,Hindi,Jason Bateman
Money Heist,2.7,918,Sci-Fi,2010,45,3,France,English,Henry Cavill
Black Mirror,1.9,725,Sci-Fi,2019,54,2,Japan,French,Bryce Dallas Howard
The Witcher,3.4,979,Fantasy,2016,62,5,Japan,Italian,Úrsula Corberó
Money Heist,1.1,802,Fantasy,2006,56,4,Australia,Italian,Henry Cavill
Money Heist,4.7,512,Documentary,2015,41,4,India,Mandarin,Wagner Moura
Black Mirror,4.9,343,Comedy,2013,58,1,Japan,Mandarin,Bryce Dallas Howard
Black Mirror,2.7,448,Crime,2022,35,4,Canada,Korean,Bryce Dallas Howard
13 Reasons Why,3.8,942,Comedy,2014,33,7,Japan,Korean,Olivia Colman
Stranger Things,1.1,206,Action,2008,36,3,South Korea,French,Phoebe Dynevor
The Witcher,4.4,110,Romance,2022,56,9,France,English,Olivia Colman
Stranger Things,3.4,362,Sci-Fi,2020,42,2,Spain,Korean,Elliot Page
Bridgerton,3.6,313,Drama,2005,61,7,Australia,Mandarin,Bryce Dallas Howard
Money Heist,1.3,877,Drama,2016,48,2,South Korea,Japanese,Jason Bateman
The Crown,1.9,615,Drama,2007,27,2,Japan,Spanish,Úrsula Corberó
Money Heist,1.8,320,Comedy,2017,46,5,Australia,German,Henry Cavill
Black Mirror,2.8,515,Thriller,2012,50,5,Germany,Portuguese,Úrsula Corberó
Stranger Things,4.7,719,Mystery,2023,79,5,UK,Italian,Wagner Moura
Bridgerton,2.4,149,Thriller,2000,76,1,Germany,Korean,Katherine Langford
Ozark,2.3,527,Sci-Fi,2003,71,5,India,Mandarin,Phoebe Dynevor
13 Reasons Why,1.0,562,Thriller,2001,66,6,Canada,Portuguese,Olivia Colman
Ozark,2.6,20,Fantasy,2015,48,5,Canada,Hindi,Olivia Colman
The Umbrella Academy,4.6,285,Thriller,2003,29,2,UK,Spanish,Jason Bateman
The Crown,3.4,222,Mystery,2014,56,6,Japan,Korean,Bryce Dallas Howard
Money Heist,1.2,606,Action,2014,29,9,South Korea,Mandarin,Phoebe Dynevor
The Umbrella Academy,3.5,689,Thriller,2002,23,5,France,Korean,Millie Bobby Brown
Money Heist,1.1,646,Fantasy,2014,22,5,Spain,German,Katherine Langford
Ozark,4.9,618,Action,2002,27,7,Spain,Spanish,Elliot Page
Bridgerton,3.6,450,Fantasy,2017,35,3,Spain,Hindi,Henry Cavill
Black Mirror,3.6,431,Comedy,2006,77,7,UK,Italian,Millie Bobby Brown
Black Mirror,1.1,245,Romance,2009,72,4,Germany,Italian,Henry Cavill
Stranger Things,2.3,226,Action,2000,40,7,UK,Mandarin,Jason Bateman
Money Heist,1.0,854,Sci-Fi,2023,26,9,India,Hindi,Phoebe Dynevor
The Umbrella Academy,3.6,553,Crime,2020,42,6,Germany,German,Jason Bateman
The Witcher,1.5,849,Mystery,2005,69,4,Spain,German,Henry Cavill
The Witcher,2.7,918,Crime,2002,49,1,France,Japanese,Henry Cavill
Narcos,4.7,269,Mystery,2014,68,3,Australia,Italian,Olivia Colman
Ozark,1.4,960,Documentary,2005,41,7,France,Portuguese,Olivia Colman
The Witcher,3.0,943,Comedy,2013,47,4,UK,Spanish,Úrsula Corberó
Stranger Things,2.4,862,Drama,2022,26,8,Canada,Korean,Úrsula Corberó
Narcos,4.1,851,Comedy,2001,48,4,Canada,Japanese,Elliot Page
The Witcher,1.7,710,Mystery,2004,25,7,South Korea,Hindi,Bryce Dallas Howard
13 Reasons Why,4.4,625,Crime,2007,58,8,India,Spanish,Henry Cavill
The Crown,4.9,100,Thriller,2001,58,1,South Korea,Japanese,Millie Bobby Brown
Ozark,5.0,731,Drama,2003,46,4,USA,Mandarin,Henry Cavill
Bridgerton,1.3,966,Fantasy,2014,65,3,France,Japanese,Jason Bateman
Narcos,1.9,830,Crime,2020,51,6,UK,English,Millie Bobby Brown
The Witcher,3.1,443,Fantasy,2018,36,2,South Korea,Italian,Olivia Colman
13 Reasons Why,3.2,478,Romance,2019,55,2,UK,Portuguese,Olivia Colman
Ozark,4.1,838,Sci-Fi,2016,54,2,Spain,French,Elliot Page
Bridgerton,3.9,223,Thriller,2021,34,7,Canada,Hindi,Úrsula Corberó
Ozark,3.8,791,Drama,2020,35,9,Germany,Spanish,Millie Bobby Brown
13 Reasons Why,1.1,302,Romance,2019,64,8,Canada,Italian,Jason Bateman
The Crown,3.4,955,Fantasy,2001,31,7,South Korea,German,Elliot Page
The Witcher,1.2,936,Action,2001,32,3,Germany,English,Wagner Moura
Money Heist,2.9,530,Action,2016,33,5,Japan,German,Úrsula Corberó
The Crown,3.8,535,Thriller,2005,29,1,India,English,Millie Bobby Brown
Ozark,2.8,390,Thriller,2005,68,6,UK,German,Henry Cavill
The Umbrella Academy,2.1,929,Sci-Fi,2015,58,5,India,French,Olivia Colman
Narcos,1.4,513,Thriller,2004,62,1,Canada,Korean,Bryce Dallas Howard
Money Heist,2.5,445,Crime,2021,39,2,India,Mandarin,Henry Cavill
The Crown,3.6,110,Fantasy,2016,53,1,South Korea,Korean,Katherine Langford
Money Heist,4.8,696,Mystery,2009,34,2,USA,Italian,Phoebe Dynevor
Stranger Things,1.7,157,Fantasy,2018,65,3,USA,English,Olivia Colman
Stranger Things,3.2,43,Mystery,2000,43,2,UK,French,Katherine Langford
The Witcher,2.8,17,Thriller,2002,68,6,South Korea,German,Henry Cavill
The Witcher,3.3,77,Crime,2020,69,5,Japan,Portuguese,Bryce Dallas Howard
Bridgerton,4.8,451,Documentary,2019,62,7,France,French,Millie Bobby Brown
13 Reasons Why,4.1,897,Sci-Fi,2001,26,9,India,Italian,Henry Cavill
Narcos,1.8,817,Sci-Fi,2018,39,1,Spain,French,Úrsula Corberó
Money Heist,3.3,43,Crime,2004,26,2,Japan,English,Jason Bateman
Stranger Things,4.2,786,Romance,2022,42,3,USA,Italian,Katherine Langford
13 Reasons Why,2.0,953,Mystery,2020,74,1,Japan,French,Jason Bateman
The Witcher,3.5,68,Drama,2014,76,4,South Korea,Japanese,Olivia Colman
Ozark,2.4,520,Action,2014,30,3,UK,Portuguese,Elliot Page
Stranger Things,2.8,452,Action,2005,55,5,India,Italian,Úrsula Corberó
Stranger Things,2.2,360,Romance,2005,32,2,Australia,Italian,Wagner Moura
13 Reasons Why,3.4,926,Action,2015,67,1,India,Mandarin,Jason Bateman
Money Heist,3.3,629,Crime,2011,57,6,USA,Spanish,Elliot Page
Bridgerton,2.7,977,Sci-Fi,2011,31,6,India,German,Phoebe Dynevor
Narcos,4.6,157,Romance,2005,76,6,Canada,English,Henry Cavill
Ozark,2.0,582,Mystery,2022,70,9,Canada,Italian,Katherine Langford
Ozark,1.6,150,Documentary,2009,29,5,Spain,Korean,Millie Bobby Brown
Narcos,4.1,197,Fantasy,2001,55,8,France,German,Úrsula Corberó
The Witcher,3.1,706,Documentary,2013,78,3,USA,Korean,Úrsula Corberó
Black Mirror,4.9,632,Crime,2015,58,4,Canada,Portuguese,Millie Bobby Brown
Ozark,4.9,735,Crime,2016,53,1,USA,French,Olivia Colman
Narcos,2.6,939,Action,2022,47,5,India,German,Katherine Langford
13 Reasons Why,3.9,123,Sci-Fi,2019,68,1,USA,Italian,Elliot Page
13 Reasons Why,4.2,97,Comedy,2001,73,8,India,Mandarin,Úrsula Corberó
Money Heist,3.6,164,Comedy,2000,59,8,India,Japanese,Úrsula Corberó
The Umbrella Academy,1.1,824,Mystery,2013,55,1,Canada,English,Katherine Langford
The Witcher,1.1,319,Fantasy,2019,70,8,Japan,Spanish,Olivia Colman
The Umbrella Academy,2.1,872,Sci-Fi,2008,64,3,Germany,Japanese,Bryce Dallas Howard
Stranger Things,1.6,778,Sci-Fi,2005,32,6,India,English,Henry Cavill
The Witcher,3.4,662,Thriller,2001,57,9,Germany,Italian,Jason Bateman
Stranger Things,1.5,224,Fantasy,2010,69,8,France,Italian,Katherine Langford
Stranger Things,3.3,825,Thriller,2002,51,6,Canada,Hindi,Úrsula Corberó
13 Reasons Why,4.0,365,Crime,2018,23,4,USA,Portuguese,Phoebe Dynevor
The Umbrella Academy,3.3,276,Action,2009,53,8,UK,Mandarin,Elliot Page
Ozark,4.3,100,Fantasy,2022,57,8,Canada,Japanese,Henry Cavill
Money Heist,4.8,130,Romance,2012,54,1,India,English,Wagner Moura
Narcos,3.3,865,Comedy,2023,75,5,India,Italian,Elliot Page
Bridgerton,4.8,233,Thriller,2023,61,1,USA,Korean,Phoebe Dynevor
Bridgerton,1.3,880,Comedy,2021,79,6,India,Hindi,Úrsula Corberó
Bridgerton,4.3,678,Mystery,2022,30,4,UK,Mandarin,Bryce Dallas Howard
The Umbrella Academy,2.2,431,Drama,2021,28,8,France,German,Wagner Moura
The Witcher,2.8,443,Drama,2022,30,6,UK,Hindi,Úrsula Corberó
The Crown,3.3,761,Action,2022,20,7,USA,Korean,Phoebe Dynevor
Ozark,1.8,696,Documentary,2008,33,6,France,Hindi,Elliot Page
13 Reasons Why,2.6,122,Drama,2012,75,3,India,Korean,Wagner Moura
Stranger Things,2.0,727,Crime,2005,27,7,Australia,French,Wagner Moura
Bridgerton,4.6,881,Documentary,2019,75,2,UK,Mandarin,Úrsula Corberó
The Umbrella Academy,2.2,165,Drama,2007,45,7,India,German,Úrsula Corberó
Narcos,2.9,931,Drama,2017,41,3,UK,Hindi,Olivia Colman
The Umbrella Academy,4.3,370,Fantasy,2020,58,1,France,Portuguese,Millie Bobby Brown
Bridgerton,4.7,894,Romance,2000,71,9,USA,Mandarin,Olivia Colman
The Witcher,2.2,284,Action,2016,20,5,India,French,Olivia Colman
The Crown,3.9,619,Documentary,2014,66,9,Spain,Mandarin,Jason Bateman
The Umbrella Academy,3.1,380,Crime,2013,38,8,Germany,German,Elliot Page
Black Mirror,3.9,505,Romance,2019,67,5,Germany,Spanish,Bryce Dallas Howard
Ozark,4.3,563,Sci-Fi,2001,74,6,Australia,Korean,Olivia Colman
Ozark,3.6,571,Mystery,2000,66,2,Australia,Portuguese,Henry Cavill
Black Mirror,1.5,204,Fantasy,2023,58,1,Australia,Spanish,Millie Bobby Brown
Black Mirror,1.4,456,Action,2017,78,6,Canada,English,Elliot Page
13 Reasons Why,2.1,199,Action,2008,58,7,USA,Spanish,Henry Cavill
Black Mirror,2.5,666,Comedy,2013,68,5,UK,Hindi,Millie Bobby Brown
Ozark,4.0,900,Romance,2019,49,2,India,Italian,Jason Bateman
The Witcher,4.2,480,Fantasy,2013,35,2,USA,Mandarin,Bryce Dallas Howard
13 Reasons Why,4.7,81,Drama,2019,65,6,Canada,French,Olivia Colman
Narcos,1.7,485,Comedy,2003,72,5,USA,Mandarin,Millie Bobby Brown
Ozark,4.3,267,Drama,2007,69,1,Germany,English,Bryce Dallas Howard
13 Reasons Why,1.6,133,Sci-Fi,2022,70,7,Spain,Italian,Henry Cavill
Narcos,1.5,221,Sci-Fi,2002,57,1,Germany,German,Úrsula Corberó
Money Heist,1.8,988,Mystery,2010,68,6,UK,Hindi,Úrsula Corberó
The Witcher,1.1,744,Comedy,2007,41,6,India,German,Úrsula Corberó
Money Heist,2.2,904,Fantasy,2021,65,5,Australia,German,Úrsula Corberó
Narcos,4.6,731,Mystery,2010,61,8,Spain,English,Millie Bobby Brown
Bridgerton,4.0,130,Action,2016,30,7,South Korea,Korean,Henry Cavill
The Umbrella Academy,4.2,759,Mystery,2004,40,5,Australia,Spanish,Bryce Dallas Howard
Bridgerton,3.6,135,Thriller,2017,41,7,Australia,German,Millie Bobby Brown
The Umbrella Academy,1.3,423,Romance,2018,67,8,Canada,Hindi,Henry Cavill
The Crown,4.4,262,Drama,2006,72,2,Germany,Hindi,Úrsula Corberó
The Witcher,1.8,945,Documentary,2018,46,9,India,Japanese,Úrsula Corberó
The Crown,2.6,523,Thriller,2007,78,6,USA,Spanish,Úrsula Corberó
The Umbrella Academy,4.6,31,Sci-Fi,2021,40,4,France,Hindi,Phoebe Dynevor
Black Mirror,4.0,226,Romance,2008,67,6,Spain,Portuguese,Olivia Colman
Money Heist,4.3,786,Crime,2012,32,5,Japan,Hindi,Katherine Langford
The Crown,2.3,976,Crime,2002,63,5,Canada,German,Wagner Moura
Bridgerton,1.9,361,Crime,2010,38,3,Canada,German,Bryce Dallas Howard
Bridgerton,4.7,754,Crime,2003,21,4,UK,Mandarin,Úrsula Corberó
Bridgerton,3.9,688,Mystery,2001,51,3,Germany,Mandarin,Olivia Colman
Narcos,4.1,23,Crime,2000,44,2,France,German,Úrsula Corberó
Money Heist,1.9,58,Action,2011,73,4,France,Korean,Wagner Moura
Ozark,4.3,312,Sci-Fi,2006,54,7,Germany,Portuguese,Úrsula Corberó
Bridgerton,4.3,199,Thriller,2007,39,2,Spain,Portuguese,Katherine Langford
The Crown,1.6,204,Crime,2005,75,7,India,Portuguese,Henry Cavill
The Crown,3.3,343,Romance,2006,76,4,Spain,Spanish,Katherine Langford
13 Reasons Why,4.0,146,Romance,2014,63,1,USA,Korean,Katherine Langford
Money Heist,1.0,884,Crime,2006,34,8,South Korea,French,Bryce Dallas Howard
Money Heist,3.8,784,Mystery,2001,61,3,Spain,Korean,Olivia Colman
Stranger Things,3.8,815,Mystery,2020,75,4,Canada,Spanish,Bryce Dallas Howard
The Umbrella Academy,2.5,275,Comedy,2002,68,2,France,German,Wagner Moura
Narcos,2.9,382,Fantasy,2012,23,8,Australia,Japanese,Wagner Moura
Ozark,4.6,949,Crime,2006,47,8,UK,Mandarin,Bryce Dallas Howard
Money Heist,1.4,315,Romance,2016,65,8,Japan,Mandarin,Olivia Colman
Stranger Things,3.3,713,Thriller,2014,68,9,India,Spanish,Henry Cavill
The Crown,1.4,791,Fantasy,2008,64,8,Spain,Japanese,Henry Cavill
13 Reasons Why,3.1,851,Fantasy,2021,70,3,Japan,Korean,Millie Bobby Brown
The Witcher,2.1,368,Romance,2016,73,1,Australia,French,Úrsula Corberó
Stranger Things,3.7,555,Romance,2003,27,4,Canada,Japanese,Úrsula Corberó
Ozark,4.6,680,Documentary,2002,78,2,UK,Japanese,Jason Bateman
Bridgerton,3.4,768,Fantasy,2019,76,1,India,Italian,Henry Cavill
Money Heist,2.8,373,Fantasy,2001,57,5,Japan,German,Bryce Dallas Howard
The Umbrella Academy,2.4,489,Documentary,2001,34,7,Japan,Mandarin,Henry Cavill
The Witcher,4.0,953,Drama,2016,31,9,USA,Portuguese,Phoebe Dynevor
Ozark,1.2,998,Drama,2014,31,3,Japan,Italian,Úrsula Corberó
The Crown,2.5,585,Mystery,2017,24,7,Germany,Japanese,Katherine Langford
The Witcher,1.0,884,Sci-Fi,2016,71,6,Australia,German,Henry Cavill
Stranger Things,1.5,910,Action,2021,54,4,France,French,Phoebe Dynevor
Stranger Things,1.3,318,Drama,2016,24,1,Spain,Japanese,Henry Cavill
13 Reasons Why,3.1,92,Romance,2017,59,3,Germany,English,Elliot Page
Bridgerton,4.9,369,Sci-Fi,2006,62,2,Canada,German,Jason Bateman
Ozark,4.7,216,Documentary,2004,49,2,Australia,Japanese,Bryce Dallas Howard
The Witcher,4.4,495,Comedy,2023,57,6,Australia,German,Olivia Colman
The Crown,2.0,856,Sci-Fi,2012,75,8,USA,Portuguese,Millie Bobby Brown
Bridgerton,1.3,15,Crime,2004,68,4,Germany,French,Jason Bateman
Money Heist,1.4,137,Documentary,2020,39,8,France,English,Phoebe Dynevor
The Crown,1.7,5,Action,2002,22,2,UK,Hindi,Elliot Page
Money Heist,3.3,116,Crime,2000,25,1,Canada,Italian,Bryce Dallas Howard
Black Mirror,2.3,48,Fantasy,2021,36,8,Spain,Korean,Millie Bobby Brown
Black Mirror,3.1,295,Romance,2005,49,4,UK,German,Jason Bateman
The Crown,1.4,266,Romance,2007,55,6,South Korea,Korean,Katherine Langford
Black Mirror,1.2,114,Crime,2009,58,7,Australia,Mandarin,Phoebe Dynevor
The Witcher,4.5,270,Drama,2001,62,4,UK,Portuguese,Henry Cavill
The Witcher,2.9,727,Fantasy,2007,49,2,Japan,Hindi,Elliot Page
Bridgerton,4.2,526,Documentary,2008,60,9,USA,Hindi,Wagner Moura
The Umbrella Academy,1.4,564,Sci-Fi,2017,63,6,India,English,Phoebe Dynevor
Money Heist,4.6,837,Documentary,2017,66,1,France,Hindi,Phoebe Dynevor
Black Mirror,4.7,58,Thriller,2021,58,8,Australia,Italian,Henry Cavill
Bridgerton,2.0,983,Mystery,2006,62,1,Canada,Korean,Henry Cavill
Ozark,2.9,574,Fantasy,2016,67,8,India,Portuguese,Katherine Langford
Black Mirror,3.0,224,Mystery,2021,68,9,Spain,Japanese,Millie Bobby Brown
Money Heist,2.1,660,Crime,2014,52,6,UK,French,Katherine Langford
The Witcher,1.1,564,Mystery,2009,29,3,Japan,Italian,Elliot Page
Black Mirror,3.1,56,Documentary,2012,62,1,Japan,Mandarin,Elliot Page
Stranger Things,3.2,179,Action,2018,24,1,India,Hindi,Millie Bobby Brown
Black Mirror,1.9,64,Comedy,2012,68,8,Australia,Portuguese,Olivia Colman
Ozark,2.7,758,Documentary,2006,45,5,Germany,Italian,Úrsula Corberó
Money Heist,4.5,543,Crime,2000,60,3,Australia,English,Jason Bateman
Narcos,3.8,866,Thriller,2017,75,3,UK,Mandarin,Katherine Langford
Bridgerton,3.1,86,Crime,2008,32,7,Canada,Mandarin,Phoebe Dynevor
Black Mirror,1.9,133,Thriller,2001,36,3,Canada,Korean,Bryce Dallas Howard
The Crown,3.7,853,Crime,2006,37,1,Spain,English,Jason Bateman
Black Mirror,2.1,356,Documentary,2021,67,3,Japan,Spanish,Wagner Moura
Stranger Things,4.1,753,Mystery,2023,66,6,India,Italian,Elliot Page
Narcos,4.5,437,Crime,2007,63,9,South Korea,Mandarin,Katherine Langford
The Umbrella Academy,3.5,72,Thriller,2004,41,2,Canada,French,Phoebe Dynevor
Bridgerton,4.2,576,Drama,2006,46,8,Japan,Mandarin,Henry Cavill
13 Reasons Why,4.6,576,Fantasy,2010,43,6,France,Italian,Olivia Colman
The Umbrella Academy,4.1,573,Mystery,2013,55,6,India,French,Wagner Moura
The Witcher,2.8,534,Thriller,2002,58,8,USA,Portuguese,Katherine Langford
The Crown,2.7,388,Action,2009,25,3,Australia,Italian,Phoebe Dynevor
Bridgerton,3.8,877,Action,2021,62,2,Germany,Japanese,Jason Bateman
Money Heist,3.4,74,Drama,2008,52,4,USA,Hindi,Katherine Langford
The Witcher,1.1,575,Crime,2020,64,8,USA,English,Olivia Colman
The Umbrella Academy,4.6,986,Drama,2004,46,4,Canada,Japanese,Jason Bateman
Money Heist,3.7,530,Crime,2005,31,9,France,German,Bryce Dallas Howard
The Witcher,1.7,517,Comedy,2016,38,4,Germany,Italian,Jason Bateman
Narcos,4.3,804,Drama,2002,49,9,Australia,Korean,Elliot Page
Ozark,3.9,721,Thriller,2007,48,7,UK,Spanish,Jason Bateman
The Umbrella Academy,1.5,886,Thriller,2006,49,2,Japan,Japanese,Elliot Page
Narcos,3.9,588,Comedy,2016,44,2,India,Portuguese,Henry Cavill
Stranger Things,2.8,258,Action,2023,56,3,France,English,Millie Bobby Brown
13 Reasons Why,3.4,69,Comedy,2013,48,2,Canada,French,Katherine Langford
Ozark,3.7,978,Romance,2007,39,2,Spain,Korean,Millie Bobby Brown
The Umbrella Academy,4.2,726,Comedy,2015,21,6,Spain,French,Henry Cavill
The Crown,4.3,747,Fantasy,2008,41,3,UK,Mandarin,Elliot Page
13 Reasons Why,1.7,755,Documentary,2021,59,2,Germany,Korean,Phoebe Dynevor
Bridgerton,1.4,383,Romance,2022,77,4,USA,Italian,Phoebe Dynevor
The Witcher,4.8,771,Romance,2005,34,1,Australia,Mandarin,Bryce Dallas Howard
Bridgerton,3.5,825,Sci-Fi,2019,70,4,South Korea,Mandarin,Elliot Page
Bridgerton,4.8,983,Comedy,2022,44,7,Australia,French,Bryce Dallas Howard
Narcos,4.9,656,Comedy,2016,32,2,UK,Spanish,Olivia Colman
The Witcher,1.8,423,Mystery,2014,50,1,Australia,Mandarin,Úrsula Corberó
Black Mirror,2.9,370,Documentary,2002,44,7,Australia,Hindi,Phoebe Dynevor
The Umbrella Academy,4.4,319,Comedy,2012,45,4,Germany,English,Jason Bateman
Bridgerton,2.0,512,Thriller,2012,50,3,Germany,Spanish,Henry Cavill
Bridgerton,2.3,59,Sci-Fi,2013,64,7,Germany,Spanish,Elliot Page
Ozark,2.5,740,Thriller,2002,50,8,Australia,Portuguese,Millie Bobby Brown
The Crown,3.2,457,Mystery,2002,62,8,Spain,Mandarin,Bryce Dallas Howard
Stranger Things,1.3,299,Crime,2004,41,4,Spain,Japanese,Elliot Page
The Umbrella Academy,1.7,68,Fantasy,2003,61,4,France,Portuguese,Henry Cavill
Stranger Things,3.0,751,Documentary,2022,63,7,South Korea,English,Phoebe Dynevor
Narcos,3.5,77,Fantasy,2018,33,1,UK,Mandarin,Henry Cavill
The Witcher,4.1,391,Action,2003,60,4,USA,Hindi,Olivia Colman
The Witcher,3.5,205,Sci-Fi,2021,69,3,USA,Hindi,Úrsula Corberó
Black Mirror,2.5,479,Mystery,2016,64,2,Canada,Spanish,Phoebe Dynevor
The Crown,1.5,491,Mystery,2014,29,1,Germany,Japanese,Bryce Dallas Howard
Bridgerton,1.7,965,Action,2017,38,2,France,Mandarin,Katherine Langford
Narcos,2.6,576,Comedy,2023,50,8,USA,Mandarin,Jason Bateman
The Crown,3.6,632,Comedy,2014,27,5,Japan,Portuguese,Elliot Page
13 Reasons Why,1.4,592,Romance,2013,74,5,UK,Mandarin,Olivia Colman
Ozark,4.3,260,Crime,2013,46,7,UK,Portuguese,Elliot Page
13 Reasons Why,2.1,206,Mystery,2004,42,1,Japan,Italian,Olivia Colman
Narcos,3.4,377,Comedy,2021,35,5,France,Italian,Elliot Page
The Crown,4.9,953,Thriller,2015,79,9,Australia,Hindi,Wagner Moura
The Crown,4.9,406,Documentary,2011,78,4,Australia,Spanish,Úrsula Corberó
Narcos,2.8,853,Crime,2019,51,4,Canada,English,Millie Bobby Brown
Ozark,3.3,660,Crime,2011,54,6,Australia,Hindi,Katherine Langford
Bridgerton,3.7,550,Comedy,2002,52,8,USA,German,Úrsula Corberó
Narcos,2.0,442,Mystery,2022,23,9,Japan,Hindi,Katherine Langford
Narcos,4.8,702,Documentary,2016,71,2,UK,Spanish,Úrsula Corberó
Money Heist,3.3,201,Documentary,2004,43,7,Australia,Korean,Bryce Dallas Howard
13 Reasons Why,1.1,665,Sci-Fi,2015,62,2,Japan,Hindi,Katherine Langford
Ozark,4.4,239,Sci-Fi,2011,62,4,South Korea,German,Elliot Page
The Umbrella Academy,3.3,174,Comedy,2019,53,2,Australia,German,Olivia Colman
The Crown,2.4,229,Action,2012,37,6,France,Portuguese,Henry Cavill
Stranger Things,2.5,497,Action,2018,52,4,UK,German,Katherine Langford
The Witcher,4.7,543,Documentary,2021,40,8,Spain,Spanish,Katherine Langford
Ozark,2.9,211,Mystery,2014,41,9,UK,English,Bryce Dallas Howard
Stranger Things,4.4,405,Thriller,2014,42,5,South Korea,Korean,Phoebe Dynevor
The Crown,1.1,78,Fantasy,2006,28,6,Japan,Portuguese,Phoebe Dynevor
Money Heist,2.8,241,Romance,2022,74,6,Japan,French,Elliot Page
13 Reasons Why,3.8,84,Documentary,2015,34,5,Germany,Portuguese,Úrsula Corberó
Ozark,4.5,895,Sci-Fi,2021,60,5,Japan,Japanese,Jason Bateman
The Witcher,2.1,809,Fantasy,2002,50,3,France,German,Millie Bobby Brown
Black Mirror,3.7,74,Documentary,2023,74,5,Spain,English,Elliot Page
The Crown,1.2,791,Thriller,2013,74,1,USA,Spanish,Úrsula Corberó
Stranger Things,1.2,689,Comedy,2002,61,6,Canada,French,Phoebe Dynevor
The Witcher,1.6,955,Sci-Fi,2006,45,3,India,Japanese,Úrsula Corberó
The Witcher,2.0,961,Romance,2010,68,2,Japan,French,Millie Bobby Brown
Stranger Things,1.7,844,Mystery,2017,30,2,Canada,Hindi,Wagner Moura
Ozark,2.2,556,Documentary,2021,34,8,France,Korean,Jason Bateman
13 Reasons Why,3.9,929,Drama,2021,54,9,USA,Italian,Olivia Colman
Ozark,3.2,974,Sci-Fi,2008,33,3,USA,French,Olivia Colman
Narcos,2.7,511,Mystery,2005,27,7,France,French,Henry Cavill
The Witcher,2.3,980,Crime,2000,72,8,Canada,French,Bryce Dallas Howard
Narcos,3.2,538,Drama,2003,30,1,France,Spanish,Olivia Colman
The Umbrella Academy,3.1,795,Romance,2012,49,3,France,Mandarin,Phoebe Dynevor
The Umbrella Academy,1.7,115,Mystery,2001,61,8,USA,German,Millie Bobby Brown
Money Heist,2.1,891,Sci-Fi,2007,56,9,Canada,English,Olivia Colman
The Crown,4.1,292,Action,2023,55,7,Spain,Italian,Úrsula Corberó
The Umbrella Academy,1.5,937,Thriller,2005,48,3,Australia,German,Wagner Moura
13 Reasons Why,3.3,949,Thriller,2013,44,1,Australia,French,Jason Bateman
Stranger Things,4.6,471,Action,2023,43,6,Spain,Italian,Olivia Colman
Money Heist,4.8,975,Mystery,2008,51,4,Canada,Hindi,Jason Bateman
13 Reasons Why,4.7,18,Crime,2021,50,8,Australia,English,Jason Bateman
13 Reasons Why,3.6,249,Documentary,2011,23,1,USA,Italian,Phoebe Dynevor
The Crown,3.2,425,Fantasy,2017,21,7,Germany,Korean,Bryce Dallas Howard
Bridgerton,2.8,504,Mystery,2019,48,2,France,English,Elliot Page
Narcos,1.7,352,Documentary,2012,45,9,Australia,Spanish,Phoebe Dynevor
Black Mirror,3.2,676,Drama,2017,36,8,Germany,Mandarin,Wagner Moura
13 Reasons Why,2.9,750,Fantasy,2004,51,7,Japan,Spanish,Olivia Colman
Bridgerton,4.0,618,Mystery,2012,49,5,India,Italian,Phoebe Dynevor
The Witcher,4.0,840,Sci-Fi,2011,55,4,Spain,Korean,Wagner Moura
Money Heist,1.6,434,Crime,2008,59,8,Australia,Korean,Millie Bobby Brown
13 Reasons Why,2.8,794,Fantasy,2021,60,8,India,French,Elliot Page
Stranger Things,3.5,878,Comedy,2002,40,3,UK,Spanish,Olivia Colman
The Crown,3.6,411,Documentary,2002,48,4,Spain,Portuguese,Phoebe Dynevor
The Umbrella Academy,1.4,361,Sci-Fi,2003,74,9,Canada,English,Úrsula Corberó
Money Heist,1.4,830,Drama,2003,29,3,Spain,Italian,Katherine Langford
Ozark,1.6,425,Comedy,2003,35,6,France,Japanese,Millie Bobby Brown
The Witcher,1.7,871,Mystery,2001,70,2,USA,Korean,Katherine Langford
Stranger Things,2.1,525,Documentary,2018,24,3,USA,Korean,Olivia Colman
Ozark,1.7,744,Drama,2006,34,2,India,French,Jason Bateman
Ozark,4.1,897,Mystery,2008,42,2,Japan,Italian,Phoebe Dynevor
Bridgerton,2.5,385,Thriller,2005,39,9,USA,Italian,Phoebe Dynevor
Narcos,2.0,972,Comedy,2018,41,4,USA,English,Bryce Dallas Howard
The Crown,1.3,623,Drama,2000,51,3,Australia,Japanese,Katherine Langford
Narcos,1.8,837,Thriller,2011,59,5,South Korea,Spanish,Jason Bateman
The Witcher,4.2,409,Romance,2022,72,9,UK,Japanese,Wagner Moura
Black Mirror,2.3,59,Fantasy,2011,71,6,India,Korean,Elliot Page
13 Reasons Why,2.8,858,Action,2007,73,3,Australia,German,Henry Cavill
The Crown,2.3,902,Thriller,2016,49,9,UK,Hindi,Millie Bobby Brown
The Crown,4.1,291,Fantasy,2007,64,5,South Korea,Portuguese,Jason Bateman
Narcos,3.2,576,Thriller,2018,40,8,Spain,Mandarin,Jason Bateman
Ozark,2.0,801,Drama,2011,64,3,Spain,Italian,Millie Bobby Brown
The Umbrella Academy,3.4,524,Mystery,2003,63,2,USA,Spanish,Phoebe Dynevor
The Witcher,1.8,770,Crime,2007,37,8,USA,Mandarin,Wagner Moura
The Witcher,1.1,279,Mystery,2008,31,1,Australia,Hindi,Jason Bateman
Black Mirror,4.4,358,Thriller,2017,67,6,USA,Portuguese,Millie Bobby Brown
Money Heist,2.3,495,Sci-Fi,2019,51,4,Japan,Mandarin,Elliot Page
Narcos,4.5,569,Action,2009,21,3,South Korea,English,Millie Bobby Brown
The Witcher,2.3,7,Documentary,2023,36,1,India,Hindi,Jason Bateman
Black Mirror,4.7,50,Action,2006,43,6,Canada,English,Wagner Moura
Money Heist,1.4,642,Comedy,2003,79,5,UK,Korean,Phoebe Dynevor
Ozark,3.2,436,Comedy,2017,25,5,France,Portuguese,Katherine Langford
Money Heist,4.3,715,Mystery,2004,24,4,France,Mandarin,Phoebe Dynevor
Narcos,2.9,33,Comedy,2020,52,9,Australia,French,Úrsula Corberó
Black Mirror,2.8,223,Sci-Fi,2020,61,6,Spain,German,Phoebe Dynevor
13 Reasons Why,3.4,527,Comedy,2006,48,5,Germany,German,Bryce Dallas Howard
Ozark,3.3,599,Documentary,2006,62,2,Spain,English,Wagner Moura
The Witcher,1.9,560,Crime,2017,25,2,Spain,English,Wagner Moura
Black Mirror,1.8,420,Comedy,2019,73,9,UK,Japanese,Phoebe Dynevor
Bridgerton,4.4,449,Sci-Fi,2014,22,6,France,Mandarin,Elliot Page
Ozark,3.5,876,Thriller,2004,73,8,Japan,Italian,Bryce Dallas Howard
The Crown,4.8,665,Sci-Fi,2019,77,5,India,French,Úrsula Corberó
Bridgerton,5.0,491,Comedy,2005,51,6,South Korea,German,Phoebe Dynevor
Black Mirror,2.1,837,Action,2007,78,6,India,Portuguese,Henry Cavill
Stranger Things,4.8,438,Crime,2000,37,6,UK,Hindi,Henry Cavill
Narcos,3.1,686,Romance,2017,20,9,Germany,Korean,Olivia Colman
Stranger Things,1.8,220,Sci-Fi,2013,22,9,UK,Portuguese,Olivia Colman
13 Reasons Why,1.6,132,Romance,2009,50,3,Spain,Mandarin,Jason Bateman
Narcos,2.8,368,Fantasy,2005,38,2,USA,German,Wagner Moura
Black Mirror,4.6,596,Documentary,2011,40,6,Japan,German,Jason Bateman
The Umbrella Academy,1.9,152,Comedy,2015,40,8,Germany,Japanese,Phoebe Dynevor
Bridgerton,4.7,134,Documentary,2020,73,9,Germany,Hindi,Olivia Colman
Ozark,3.5,177,Sci-Fi,2000,72,4,South Korea,English,Katherine Langford
Narcos,2.5,848,Fantasy,2016,32,1,France,Hindi,Millie Bobby Brown
The Witcher,3.7,764,Thriller,2018,64,3,Spain,Japanese,Elliot Page
13 Reasons Why,4.0,283,Mystery,2014,59,4,India,English,Úrsula Corberó
Stranger Things,3.7,940,Thriller,2004,72,1,Canada,Mandarin,Olivia Colman
The Crown,3.6,301,Romance,2007,22,3,USA,Japanese,Wagner Moura
The Witcher,3.4,304,Action,2016,78,4,USA,Korean,Olivia Colman
Bridgerton,2.6,459,Thriller,2008,29,7,South Korea,English,Phoebe Dynevor
Stranger Things,3.8,787,Sci-Fi,2015,24,1,Japan,Hindi,Phoebe Dynevor
Narcos,2.5,621,Documentary,2022,75,8,India,Portuguese,Millie Bobby Brown
Money Heist,4.8,999,Documentary,2019,27,7,India,Korean,Katherine Langford
Stranger Things,3.3,310,Thriller,2004,49,5,South Korea,Korean,Phoebe Dynevor
The Umbrella Academy,2.2,172,Thriller,2009,29,5,Canada,Korean,Bryce Dallas Howard
The Crown,4.4,841,Action,2004,65,7,South Korea,Japanese,Phoebe Dynevor
Black Mirror,4.1,542,Mystery,2003,51,1,Australia,Japanese,Wagner Moura
Narcos,2.6,804,Sci-Fi,2016,69,4,Japan,Portuguese,Phoebe Dynevor
Money Heist,4.0,907,Crime,2001,76,7,Germany,English,Phoebe Dynevor
13 Reasons Why,1.5,730,Comedy,2004,38,6,UK,French,Olivia Colman
Stranger Things,2.2,812,Fantasy,2014,57,9,Australia,French,Millie Bobby Brown
The Umbrella Academy,1.4,437,Sci-Fi,2001,74,2,France,German,Millie Bobby Brown
Stranger Things,3.4,369,Sci-Fi,2023,73,7,South Korea,Hindi,Elliot Page
Bridgerton,5.0,803,Drama,2012,66,1,India,Mandarin,Phoebe Dynevor
Stranger Things,4.2,791,Comedy,2008,26,9,Canada,Hindi,Henry Cavill
The Witcher,3.1,971,Thriller,2022,64,3,Spain,Portuguese,Olivia Colman
The Umbrella Academy,2.4,980,Romance,2011,77,6,Canada,Korean,Katherine Langford
13 Reasons Why,1.6,660,Comedy,2013,22,9,France,German,Elliot Page
The Umbrella Academy,2.2,868,Comedy,2008,41,9,Australia,Italian,Jason Bateman
Black Mirror,3.5,181,Drama,2004,44,7,USA,French,Olivia Colman
13 Reasons Why,2.8,6,Comedy,2023,26,3,Australia,Mandarin,Úrsula Corberó
Bridgerton,3.1,683,Crime,2021,59,5,USA,Korean,Wagner Moura
The Crown,1.3,536,Documentary,2009,54,5,Germany,Italian,Elliot Page
The Witcher,4.0,24,Documentary,2011,38,5,India,English,Millie Bobby Brown
Black Mirror,2.1,983,Action,2002,69,8,South Korea,Korean,Millie Bobby Brown
The Witcher,4.5,746,Crime,2022,75,9,Japan,Mandarin,Henry Cavill
13 Reasons Why,4.1,947,Crime,2012,32,3,Germany,Korean,Phoebe Dynevor
13 Reasons Why,2.1,456,Documentary,2002,43,6,Germany,Korean,Úrsula Corberó
Stranger Things,3.2,351,Sci-Fi,2011,29,8,Spain,English,Olivia Colman
Money Heist,3.8,767,Romance,2016,21,3,Germany,Portuguese,Elliot Page
The Witcher,2.5,82,Crime,2010,76,7,USA,German,Olivia Colman
The Witcher,1.9,491,Thriller,2015,50,2,Canada,Portuguese,Katherine Langford
13 Reasons Why,3.6,895,Drama,2023,68,1,South Korea,Portuguese,Úrsula Corberó
13 Reasons Why,4.1,709,Romance,2004,73,4,UK,Italian,Phoebe Dynevor
Money Heist,1.4,322,Mystery,2018,72,8,Germany,Mandarin,Elliot Page
The Crown,3.0,406,Sci-Fi,2002,50,4,Spain,Mandarin,Wagner Moura
The Witcher,3.4,35,Fantasy,2015,67,5,Spain,Spanish,Elliot Page
13 Reasons Why,1.2,675,Mystery,2022,53,3,UK,Portuguese,Katherine Langford
The Witcher,1.9,418,Fantasy,2012,33,9,Spain,Spanish,Katherine Langford
Black Mirror,2.0,73,Fantasy,2001,42,5,South Korea,German,Bryce Dallas Howard
Stranger Things,2.1,246,Crime,2008,74,3,India,Italian,Henry Cavill
The Umbrella Academy,2.1,275,Mystery,2017,62,3,Canada,Spanish,Phoebe Dynevor
Money Heist,4.7,111,Sci-Fi,2001,25,1,South Korea,Portuguese,Katherine Langford
Ozark,2.7,994,Comedy,2005,31,4,India,German,Jason Bateman
The Witcher,2.8,428,Thriller,2001,34,9,USA,English,Olivia Colman
13 Reasons Why,3.5,638,Fantasy,2002,69,1,Japan,Japanese,Phoebe Dynevor
The Crown,4.6,562,Sci-Fi,2018,61,9,Spain,Mandarin,Elliot Page
Stranger Things,2.3,807,Sci-Fi,2015,48,9,Germany,Mandarin,Bryce Dallas Howard
Money Heist,2.9,869,Crime,2005,72,8,Japan,German,Úrsula Corberó
The Witcher,2.6,606,Documentary,2007,74,1,Spain,French,Wagner Moura
The Umbrella Academy,2.9,883,Sci-Fi,2011,51,1,USA,Hindi,Olivia Colman
Bridgerton,3.4,137,Action,2022,69,6,Japan,Italian,Katherine Langford
Black Mirror,2.6,513,Crime,2010,31,6,Australia,Italian,Wagner Moura
The Umbrella Academy,4.1,685,Thriller,2015,78,6,USA,Mandarin,Henry Cavill
Narcos,2.5,94,Drama,2021,71,5,Spain,Spanish,Olivia Colman
Narcos,3.0,886,Documentary,2009,60,5,Spain,Spanish,Elliot Page
Narcos,3.1,411,Documentary,2012,28,1,USA,German,Katherine Langford
The Umbrella Academy,1.9,255,Action,2011,72,5,Germany,Italian,Elliot Page
Stranger Things,2.9,294,Mystery,2016,47,7,Germany,Japanese,Úrsula Corberó
13 Reasons Why,4.9,565,Mystery,2013,25,2,USA,Korean,Millie Bobby Brown
Bridgerton,2.0,436,Mystery,2000,78,3,Australia,Portuguese,Millie Bobby Brown
Stranger Things,1.5,204,Action,2022,33,8,Japan,Mandarin,Millie Bobby Brown
Narcos,4.9,251,Comedy,2003,53,5,Japan,Spanish,Bryce Dallas Howard
The Witcher,2.8,112,Crime,2021,48,6,Germany,Mandarin,Katherine Langford
Ozark,3.0,557,Crime,2006,78,8,Germany,German,Millie Bobby Brown
Bridgerton,4.6,313,Comedy,2009,47,5,Japan,English,Bryce Dallas Howard
Money Heist,1.9,566,Comedy,2018,60,1,Germany,Japanese,Phoebe Dynevor
The Crown,4.9,73,Thriller,2004,76,6,India,German,Elliot Page
The Umbrella Academy,4.6,945,Comedy,2002,36,3,Canada,English,Millie Bobby Brown
Bridgerton,4.0,715,Fantasy,2006,21,7,Canada,Hindi,Millie Bobby Brown
The Witcher,1.7,763,Thriller,2000,71,3,India,Spanish,Henry Cavill
Black Mirror,4.0,777,Mystery,2017,28,2,South Korea,Mandarin,Katherine Langford
The Umbrella Academy,1.3,449,Comedy,2009,64,8,USA,Portuguese,Bryce Dallas Howard
The Crown,4.5,513,Mystery,2007,22,6,Spain,German,Millie Bobby Brown
Ozark,2.3,693,Thriller,2007,44,5,Japan,Korean,Elliot Page
The Umbrella Academy,1.8,328,Comedy,2010,47,3,Spain,Hindi,Phoebe Dynevor
The Umbrella Academy,3.9,305,Fantasy,2006,43,5,Australia,Hindi,Olivia Colman
Stranger Things,1.4,476,Action,2022,58,1,Spain,English,Millie Bobby Brown
Stranger Things,3.1,548,Crime,2021,58,9,USA,Mandarin,Jason Bateman
Black Mirror,3.3,881,Fantasy,2022,32,6,South Korea,Spanish,Olivia Colman
Ozark,1.5,519,Crime,2021,33,1,France,French,Bryce Dallas Howard
Bridgerton,1.1,758,Drama,2002,23,1,Canada,German,Millie Bobby Brown
Bridgerton,1.6,540,Romance,2018,33,1,Australia,Italian,Katherine Langford
The Umbrella Academy,3.3,633,Crime,2014,21,7,Spain,German,Bryce Dallas Howard
Narcos,2.0,578,Comedy,2005,58,5,France,Hindi,Olivia Colman
Bridgerton,3.7,719,Fantasy,2016,56,2,Spain,Spanish,Henry Cavill
The Crown,2.3,912,Comedy,2020,73,3,Spain,Portuguese,Úrsula Corberó
Money Heist,2.8,257,Mystery,2014,45,5,Canada,French,Henry Cavill
Narcos,4.0,232,Documentary,2022,74,5,Japan,Italian,Phoebe Dynevor
Ozark,4.0,47,Fantasy,2005,60,9,Australia,French,Phoebe Dynevor
Bridgerton,2.3,308,Drama,2005,57,1,Spain,Spanish,Henry Cavill
Black Mirror,4.3,185,Romance,2000,60,4,India,English,Úrsula Corberó
13 Reasons Why,1.9,265,Comedy,2023,77,2,Spain,Italian,Olivia Colman
The Witcher,1.2,610,Drama,2022,55,8,Spain,German,Bryce Dallas Howard
The Witcher,4.0,535,Drama,2009,48,3,India,German,Olivia Colman
Black Mirror,4.1,619,Comedy,2002,26,1,India,Mandarin,Elliot Page
Narcos,2.0,932,Action,2019,26,6,USA,Mandarin,Elliot Page
The Witcher,4.6,285,Drama,2021,44,9,Japan,Italian,Elliot Page
Money Heist,4.8,876,Action,2007,76,8,India,Hindi,Úrsula Corberó
Narcos,2.1,319,Drama,2003,42,7,Canada,Korean,Wagner Moura
13 Reasons Why,2.9,864,Comedy,2022,78,4,USA,German,Millie Bobby Brown
The Crown,4.8,582,Drama,2008,23,5,India,English,Elliot Page
The Umbrella Academy,5.0,509,Crime,2015,75,5,France,German,Jason Bateman
Money Heist,4.5,693,Mystery,2010,26,1,Spain,Mandarin,Henry Cavill
Bridgerton,4.1,382,Action,2015,62,1,Spain,Japanese,Elliot Page
Narcos,5.0,657,Sci-Fi,2007,25,2,Australia,Spanish,Wagner Moura
13 Reasons Why,4.2,423,Mystery,2016,67,6,Australia,Portuguese,Bryce Dallas Howard
13 Reasons Why,3.3,725,Thriller,2007,54,3,Spain,German,Katherine Langford
The Umbrella Academy,4.5,601,Romance,2006,38,4,Spain,Korean,Úrsula Corberó
Ozark,1.6,364,Comedy,2010,53,5,USA,Mandarin,Katherine Langford
13 Reasons Why,4.5,720,Sci-Fi,2003,66,3,USA,Mandarin,Wagner Moura
Money Heist,4.6,251,Documentary,2004,74,1,USA,Japanese,Olivia Colman
